Product_Name,Current_Price,Firm,Storage_Name
Livemission,4157,Nationalbank,followlive
Officialseven,6155,Choosedetail,easyyes.
Theirmethod,7864,Payoutside,forcearea.
Hitwhere,6595,Manshare,whiteelection.
Yardsurface,8689,Beyondwriter,impactguess
Financialgreat,3278,Qualityinvolve,followlive
Whichbrother,3677,Bornfollow,issueago
Hedevelopment,2960,Educationthan,Highcity.
Writerserve,3194,Continuebeyond,"hearTV.
Agreement"
Simplesingle,2783,Shetwo,beginprobably
Trainingthe,1626,Mrsoldier,Theoryresource
Singlelet,7982,Writermagazine,qualityprovide
Gardenforeign,7501,Halfthreat,democraticdebate
Typemember,9275,Itwhere,fieldleader
Qualitycity,6691,Stayofficial,couldstep
Filmfinish,9800,Preventgas,from.many
Bedchoice,1392,Happythrough,never.nor
Electionmaterial,8578,Clearyear,faceWestern
Doctorstart,6058,Audiencemiddle,Sendmessage
Learnbag,3681,Guessattack,Systemagree
Whitewhose,3723,Everfor,central.Newspaper
Interestour,7788,Congressboard,clearwhen
Givethought,2519,Productionstill,InsteadInstead
Playerrest,3105,Himindicate,Republican.Republican.
Writedeep,1260,Foreignsocial,entirefew
Interestingactually,4702,Votepass,billThan
Informationoutside,7107,Atthey,careerattorney
Usothers,6948,Endchallenge,Askapply.
Comparejust,6239,Matterrecord,TVseem
Militaryeffort,1544,Wideclear,whiteelection.
Elsecitizen,8398,Bagcompany,couldstep
Trueproduct,6063,Chargemedical,"daughtermake.
Activity"
Travelgirl,1103,Mayfeeling,availableNetwork
Suchgame,6978,Bornfollow,presentActivity
Allowkey,1694,Schoollevel,modernseries
Songstage,595,Mraccount,FocusMan
Fivesmile,7663,Rateactivity,makeon
Shouldfind,7985,Bornfollow,stagemillion
Dealname,4827,Leadchallenge,behaviormachine
Yardsociety,3103,Sopick,firstBar
Starnews,372,Cellor,voicespeak
Amongcentury,8941,Badsubject,Positionpay
Changeamong,6583,Andtown,simplyConference
Reporttraditional,8243,Mrsoldier,whichnote
Presentday,2117,Coupletrue,whom.administration
Pasthit,709,Seawithin,Askapply.
Andat,6020,Effortthank,"final.
Describegame."
Attackstep,5799,Andlead,treeterm.
Laughheart,6992,Ageassume,Yetgeneral
Questionwoman,3662,Sufferalmost,aWestern
Whyleast,8944,Untilhope,issueago
Sendhe,9219,Somethingrealize,whom.administration
Everybodyanother,9035,Formerfrom,careerattorney
Eventborn,9328,Mrsoldier,"offwriter.
Few"
Townfeeling,1562,Ablebegin,change.two
Tradedirection,873,Chargemedical,officesecurity
Patterneither,9611,Bigsomebody,everythingreveal
Forcemiddle,5579,Mraccount,"final.
Describegame."
Tosave,7000,Manshare,accountprobably
Smileinterest,3182,Mouththree,Evendirection
Eastgive,9370,Himindicate,Republican.Republican.
Placestar,5634,Militarymodern,faceWestern
Controleat,874,Anotherthese,put.central
Todayactivity,9242,Ablebegin,memorynation
Citizencompany,6055,Realityuse,agentbecause
Assumewithout,6867,Eatbest,less.room
BedAmerican,8175,Threetalk,makeon
Nightweight,2794,Matterapply,ask.ok
Artwriter,3361,Localfrom,behaviormachine
Particularlyhope,2841,Darkmessage,researchgame
Fearlay,5564,Peacedream,outsidekid.
Billionmost,3853,Shetwo,impactguess
Figurefactor,9033,Quiteofficer,Kindprovide
Risejust,7949,Okenjoy,police.bar
Staffexplain,3045,Guessattack,InsteadInstead
Payprobably,2552,Pastsing,Blueso
Thoughinside,5568,Bankreally,agentbecause
Travelenjoy,1617,Topbenefit,plan.moment
Worryclose,8638,Electionedge,everything.Mrs
Paintingwife,2804,Finallyprobably,whatever.natural
Doorusually,9179,Newscourse,impactguess
Summermatter,8587,Dogmatter,TVseem
Airnone,3999,Guessattack,least.under
Oftenwhether,2042,Likeprepare,Theoryresource
Losenight,8346,Probablyshoulder,whatever.natural
Mayraise,7400,Especiallybehind,leader.third
Runregion,2028,Towardpressure,"daughtermake.
Activity"
Oncommercial,5257,Behaviorhundred,democraticdebate
Responseimagine,1699,Payoutside,bloodAdd
Sitecell,5135,Andtown,raise.security
Likelyparticularly,4984,Responsibilitywhich,firstBar
Headbeautiful,7458,Allthank,EverybodyEverybody
Stayfirst,3892,Byleader,outsidekid.
Enoughhimself,4494,Ityoung,Positionpay
Anotherhome,8952,Okenjoy,truthAgain
Heavyfight,9232,Liketrouble,Yetgeneral
Accountweight,687,Happythrough,wrongrequire
Boyabove,7672,Sincesignificant,treeterm.
Billask,7276,Newspaperleast,Couldoil
Classlife,6945,Familylike,nightsound
Qualityplay,6067,Eversuccessful,Kindprovide
Troublehere,8739,Benefitcountry,Positionpay
Farwithout,6821,Yardchallenge,Treatemployee
Beatform,7216,Educationthan,spendspend
Bodyworker,3829,Requirethrow,clearwhen
Dosignificant,2484,Intomillion,churchInstitution
Collegehe,1008,GamePM,safeFear
Underparent,9005,Oncebeautiful,whom.administration
Storedaughter,9146,Soldierhand,followlive
Morningapply,3777,Drugfood,nightsound
Benefitprofessional,4172,Everfor,situationsurface.
Casefilm,2822,Healthsupport,husbandabout
Countrysure,4157,Modernschool,Writeable
Everythingfine,140,Oncebeautiful,qualityprovide
Everyoneaction,4703,Calladministration,nowhand
Southernscore,3245,Himcollection,programlarge
Ideadecision,770,Chargemedical,stagemillion
Certainlyfine,5408,Foreignsocial,deep.into
Sharecitizen,5203,Byleader,safeFear
Seriousdraw,3979,Everyonelocal,qualityprovide
Afterenough,1081,Daughterwell,interesting.treat
Discussionrepresent,1939,Safevote,administration.thus
Anotherphysical,1291,Responsibilitywhich,Republican.Republican.
Partitself,4190,Payoutside,safeFear
Physicalwhatever,4750,Indeednone,case.enter.
Cityabove,3866,Happythrough,sportbase
Sometimesits,8641,Okenjoy,ResponseTown
Ideahowever,9002,Newscourse,seem.policy
Numberbut,5680,Possiblebetter,revealnice
Debatefew,2592,Controlofficer,put.central
Figurefish,3048,Playknowledge,"groundreal.
Shake"
Fishpresent,3296,Whatmeet,ontohome.
Fishpractice,2873,Thirdcharacter,leader.third
Floorcharacter,9301,Speechfinish,future.Production
Numberbad,7807,Controlofficer,nearlyallow.
Dolocal,8788,Propertyonly,speaknation
Populationbut,2055,Badsubject,Systemagree
Regionquestion,2581,Shetwo,ResearchWithout
Tooidea,4957,Speechfinish,FocusMan
BecauseMr,5717,Guessattack,"meet.
TaskAgency"
Togetherstep,6147,Rateactivity,entirefew
Picturebad,4032,Providedespite,sotoday.
Yourselftrial,9649,Eversuccessful,modernseries
Amonginclude,8226,Boxpoor,ResearchWithout
Effectoff,8440,Mouththree,deep.into
Thinggood,5598,Nationnecessary,churchInstitution
Necessaryskin,3878,Ageassume,followlive
Boxroom,7350,Dinnerhold,ask.ok
Factormajority,5810,Agreementoil,trainingstudy
Tellstop,5995,Providedespite,Theoryresource
Carehospital,2921,Workmusic,rich.significant
Commercialwhatever,848,Singcity,tradeplayer
Withinprofessional,7368,Simplethemselves,middle.author
Wearwould,3583,Buildhappen,seem.policy
Outvalue,4731,Quiteofficer,throughoutknow
Noticematerial,3493,Skingrowth,accountprobably
Meananyone,93,Keeprecently,officesecurity
Recentplan,2348,Despitecenter,couldstep
Republicanby,7459,Familylike,researchgame
Orderrealize,6753,Atthey,behaviormachine
Exampletree,5085,Flyaccording,figure.figure.
Soondrug,2739,Shetwo,Determinemilitary
Typewell,9022,Byleader,performstudent
Especiallyprogram,2624,Towardpressure,saySouthern
Reportmake,4144,Pressurewho,wecontinue.
Notewhole,9177,Beyondwriter,entirefew
Hugedecade,9265,Theirsea,researchgame
Practicelet,2819,Stoplaw,sportbase
Whichus,4860,Firstdeal,EverybodyEverybody
Ballyet,4089,Mrsoldier,ontohome.
Thankworld,4401,Understandpeace,meetimage
Successfulattention,1175,Requirebest,thoughPrice
Womanthree,2710,Darkcollege,trainingstudy
Behaviortraining,2969,Endcompany,careerattorney
Educationcondition,7082,Votepass,"offwriter.
Few"
Performnotice,6817,Familylike,Southold
Similarinvestment,7830,Rateactivity,partytake.
Lowmanager,7290,Ablebegin,drawSpace
Friendget,6370,Collectionspeak,stagemillion
Headkitchen,1102,Addfill,whiteelection.
Fireable,6527,Productionstill,Meetscientist
Civilfood,170,Herselfagainst,pick.throw
Attorneyexactly,2552,Attentionwhy,soldierfive.
Threatrace,1074,Actuallymind,nearlyallow.
Beginresearch,68,Endcompany,leader.third
Chancecouple,9084,Stayofficial,Republican.Republican.
Expectact,7515,Congressboard,Togethermovement
Positivetop,7519,Cellor,focusshe
Anotherblack,3950,Chargemedical,TVseem
Monththeory,9459,Eitherline,TVseem
Nationown,1605,Simplethemselves,safeFear
Democratlife,3225,Whatlife,Writeable
Pushkey,4023,Halfthreat,publicpublic
Reasonspring,5229,Decisionresource,plan.moment
Againrelationship,2788,Eitherline,nightsound
Latersave,1246,Kitchenpower,Askapply.
Everyconference,8915,Audiencemiddle,joindrug
LiveTV,4911,Movebetween,whatever.natural
Treatname,7248,Collectionspeak,Untilcertainly
Riseneed,5839,Badsubject,SocietyAge
Troubleaway,1285,Healthsupport,reportsuccess
Everythingpainting,3981,Schoolmovement,speaknation
Healthbest,5190,Electionedge,plan.moment
Challengeday,1767,Toughquestion,"wrongpass.
Interesting"
Blackbecause,6332,Voiceenergy,Evendirection
Suddenlybig,2279,Itsnews,budget.box
Wordchance,2171,Stillalso,case.enter.
Mustyou,6418,Oldnumber,outsidekid.
Sortgrowth,3981,Stoppoor,agentbecause
Representwindow,7973,Providedespite,easyyes.
Accepttown,4985,Newsred,Treatemployee
Clearlyquality,8903,Dinnerhold,Causemovement
Bookdaughter,7458,Causesome,townbudget
Sonaudience,1850,Stoppoor,Carewind
Whetherhard,1110,Pressurewho,Blueso
Detailresponsibility,5564,Stillalso,followlive
Perwith,7539,Fishinvestment,availableNetwork
Forcechance,468,Towardpressure,Couldoil
Foreignsafe,5182,Ageassume,variousprofessional
Booktrade,7725,Nowindividual,behaviormachine
Mainrun,7423,Employeerecent,source.identify
Revealstandard,6901,Requirethrow,husbandabout
Networkcharge,156,Presidentbad,billThan
Justpurpose,2623,Meetwalk,ask.ok
Managementbut,406,Abilitycut,beginprobably
Thirdlot,361,Winsection,makeon
Sonleg,7974,Ablecenter,partyvoice
Bettersuccessful,9219,Firstdeal,Meetscientist
Leadask,3590,Capitalsport,seem.policy
Severalhistory,8801,Theoryusually,performstudent
Casewest,6835,Maintaincurrent,speaknation
Wideforward,6755,Formerfrom,Sendmessage
Kitchenfine,3945,Monthterm,Republican.Republican.
Officialmarriage,5717,Despitecenter,revealnice
Readmusic,536,Eversuccessful,drawSpace
Measurebody,7666,Latertoward,whichnote
Maysociety,2900,Employeerecent,accountprobably
Casefund,2980,Qualityinvolve,reasonAnd
Trystop,3161,Speakartist,voicespeak
Starstructure,7452,Ratewrite,Republican.Republican.
Especiallywhere,6644,Untilhope,"million.
VisitType"
Brotherdeal,1653,Beyondwriter,raise.security
Sellgrow,2675,Quiteofficer,firstBar
Socialuntil,6662,Intomillion,Writeable
Adultwest,8345,Treeon,plan.moment
Thenmother,7960,Hearforget,whom.administration
Yeahtree,6160,Speechfinish,participantparticipant
Chancelife,5175,Arguefood,childlose
Teacherlast,4512,Staynearly,middle.author
Communitytop,8947,Oncebeautiful,whom.administration
Handstructure,1133,Himindicate,Southold
Southearly,7067,Somethingrealize,behaviormachine
Relationshipold,2153,Environmentalvote,availableNetwork
Groundshoulder,5786,Speakartist,entirefew
Civilyourself,2333,Wantdown,faceWestern
Participantamount,4336,Eitherline,casealmost
Runred,5540,Itsnews,entirefew
Armoil,4911,Topbenefit,Southold
Rolemagazine,5626,Payoutside,tradeplayer
Revealtree,8191,Bankreally,from.many
Soonbook,439,Becomenotice,Untilcertainly
Feelmaybe,8002,Boxpoor,until.Happen
Laythan,4276,Classgovernment,savepast
Officemother,9376,Congressboard,Meetscientist
Yarddebate,6843,Drugfood,Carewind
Sitnearly,3864,Itwhere,speaknation
Animalthemselves,472,Fieldwhen,speaknation
Seasoneducation,7850,Mrsoldier,ResearchWithout
Aroundspace,1461,Matterrecord,thensuggest
Lawstop,9612,Saylocal,Askapply.
Authoritymaybe,579,Toughquestion,childlose
Mindoccur,5344,Somethingrealize,televisionman
Centuryamong,3652,Largecontinue,structureCan
Lastpolicy,6882,Cutnext,pick.throw
Intoapproach,1769,Threetalk,prettyprobably.
Natureprobably,1693,Newscourse,whom.administration
Nevercold,6327,Economyair,forcearea.
Someover,5418,Effortthank,change.two
Westsort,2103,Imageimpact,key.memory.
Laughlong,6526,Mraccount,townbudget
Windrole,4572,Andsupport,prettyprobably.
Offthere,370,Choosedetail,fieldleader
Laterhope,1410,Healthsupport,speaknation
Fineplay,9201,Byleader,Kindprovide
Conferenceinformation,4793,Writermagazine,least.under
Fallpast,2318,Speakartist,nameof
Seriessuddenly,5640,Benefitcountry,least.under
Maintainupon,5669,Musiccontain,Kindprovide
Factoronto,961,Centralwindow,impactguess
Hersend,7406,Maintaincurrent,ask.ok
Lawsense,3604,Managementlet,meetimage
Guyusually,2814,Technologycall,couldstep
Requireactivity,3462,Soldierhand,followlive
Foroperation,142,Conferencehave,ResearchWithout
Gasfather,3983,Nationalbank,voicespeak
Morningeasy,2320,Productionstill,tradeplayer
Paperleast,7034,Thirdcharacter,turnseries
Worryrelate,7449,Americanchange,reportsuccess
Alsohit,9664,Decisionresource,howeverdifferent
Ofspring,8628,Fishinvestment,beManager
Sothus,2698,Buildhappen,Writeable
Congresshelp,9716,Badsubject,mattersociety
Mysell,5944,Ablebegin,openSuddenly
Findcard,824,Especiallybehind,lookTalk
Heartbook,5511,Drugfood,hotwalk
Hotellive,7547,Writermagazine,middle.author
Yescomputer,6045,Wonderparticular,openSuddenly
Withsell,5290,Schoollevel,Togethermovement
Pressurethe,2646,Continuebeyond,methodCatch
Centurydiscussion,5737,Musiccontain,stepsix
Agreementauthority,1674,Interestinguse,levellisten.
Yearunderstand,2772,Matterapply,faceWestern
Effortelection,5963,Behaviorhundred,Blueso
Rockupon,7209,Flyaccording,Togethermovement
Planpurpose,7356,Whotonight,sportbase
Streetlaugh,4828,Responsibilitywhich,thoughPrice
Officedream,5669,Drugfood,raise.security
Processnothing,5939,Mayfeeling,treeterm.
Pulltreat,3910,Maintaincurrent,giveelection
Audiencedown,2869,Bornagency,lookTalk
Themselvesevening,7783,Thisclearly,whom.administration
Answerquestion,3825,Workermusic,figure.figure.
Stationright,6604,Chooseseem,pass.our
Openeverybody,1992,Popularahead,issueago
Decisionkind,5217,Theoryusually,impactguess
Amongeducation,7001,Localfrom,lookTalk
Stockever,6161,Playknowledge,okok
Eatever,673,Causesome,simplyConference
Leastthough,4479,Presidentbad,performstudent
Storyincluding,5645,Behaviorhundred,Evidenceglass
Pointproduction,4282,Ageassume,saySouthern
Bluepick,1384,Nationnecessary,performstudent
Interestinglive,2127,Whatlife,never.nor
BadI,8905,Theoryusually,Maintainmusic
Thosewhile,9795,Wonderparticular,"hearTV.
Agreement"
Economicnational,4297,Richagree,outsidekid.
Keepmajority,5798,Dogame,leadlead
Almostfield,6948,Theirsea,reasonAnd
Dayorganization,4789,Topbenefit,deep.into
Causeincluding,223,StudentTV,participantparticipant
Summerbit,3297,Agedrop,researchgame
Suchquality,1041,Newscourse,until.Happen
Interviewmorning,4806,Clearyear,sotoday.
Addor,5958,Becomenotice,participantparticipant
Servepush,3570,Attacksince,followlive
Electionassume,8734,Speakartist,televisionman
Imageok,6502,Causesome,"wrongpass.
Interesting"
Noticesome,2306,Formerfrom,publicpublic
Cultureready,8818,Herselfagainst,pick.throw
Playafter,3542,Darkcollege,raise.security
Commonpractice,4354,Propertyonly,okok
Causesecurity,2854,Qualityinvolve,"meet.
TaskAgency"
Forceartist,9969,Addfill,churchInstitution
Includewatch,3726,Doctormanagement,whichhundred.
Dogradio,7823,Socialfood,focusshe
Filmcountry,8827,Yardhold,sportbase
Tradereason,567,Momentaround,forcearea.
Newspaperdiscuss,6195,Collectionspeak,stepsix
Importantothers,2491,Runwould,couldstep
Wishfigure,6498,Whatmeet,Returnspend
Eveningrelate,6961,Bankreally,"wrongpass.
Interesting"
Stateparticularly,3849,Halfthreat,"along.
Avoidbenefit"
Strongball,5671,Likeprepare,ask.ok
Addresschoice,3456,Firstdeal,husbandabout
Yesformer,5215,Manshare,Carewind
Physicalmember,5926,Ratewrite,nightsound
Termsave,1415,Himcollection,Blueso
Exactlytraining,4382,Popularahead,"groundreal.
Shake"
Interestweight,3058,Darkmessage,source.identify
Assumeready,4779,Simplethemselves,source.identify
Raiselive,2704,Newspaperleast,performstudent
Assumewide,8765,Pressurewho,anyonePerform
Writerleast,6274,Dinnerhold,townbudget
Ownpoint,8652,Votepass,entireunderstand
Herestreet,1019,Sooncitizen,faceWestern
Moneyform,5469,Endcompany,beManager
Understandsure,4451,Theirsea,soldierfive.
Poorcost,3971,Speakartist,followlive
Freealmost,9417,Cellor,savepast
Yourselffigure,3559,Makegas,modernseries
Behindyard,118,Intomillion,educationpainting
Stillas,3975,Stoplaw,beManager
Groweither,1614,Takeplayer,kind.president
Regionsuccessful,9344,Classgovernment,whom.administration
Skinagent,3043,Enoughspeak,casealmost
Boxart,1939,Collectionspeak,situationsurface.
Cellbest,8938,Capitalsport,kind.president
Footsenior,2221,Attacksince,reportsuccess
Simplysome,3682,Fishinvestment,yourselfpartner
Wonderwoman,5222,Responddoor,drawSpace
Particularfirm,905,Maintaincurrent,situationsurface.
Arguemore,6529,Endcompany,tradeplayer
Safewhile,8956,Itsnews,researchgame
Leadthird,9868,Analysissupport,SocietyAge
Considerfine,8550,Arguefood,truthAgain
Formerexactly,6555,Intomillion,quiteTake
Machinecare,5340,Meetingother,programlarge
Holdeven,8108,Bornfollow,Measurecenter
Decidearticle,9321,Soldierhand,throwDrop
Coverkeep,4247,Socialfood,less.room
Generaldemocratic,6885,Momentaround,Termsound
Termphysical,4051,Workmusic,structureCan
Poorthere,1478,Stopkind,voicespeak
Bookcustomer,4967,Anythingnation,meetimage
Containrecently,7051,Eitherline,meetimage
Physicalfine,5050,Interestinguse,makeon
Worrymagazine,9874,Militarymodern,"while.
WillRise"
Withindespite,8040,Chargemedical,Determinemilitary
Fewnor,7766,Viewaway,sotoday.
Reachsimply,4211,Technologycall,anyonePerform
Putthreat,2027,Wordstandard,accountprobably
Goodsenior,485,Stopkind,soldierfive.
Keycan,9187,Familylike,Causemovement
Usgood,6135,Qualityinvolve,forcearea.
Decadecard,7422,Threetalk,pick.throw
Winper,3554,Bagcompany,"along.
Avoidbenefit"
Gamejust,7420,Newscourse,Theoryresource
Aboverelationship,5645,Difficultthrow,okok
Growthhospital,3164,Benefitcountry,careerattorney
Longamong,5811,Wideclear,whatever.natural
Bluealready,7943,Doctormanagement,interesting.treat
Runpresent,1167,Whotonight,rich.significant
Groundpoor,9025,Sidemovement,kind.president
Inthreat,9435,Bagcompany,FocusMan
Technologyweek,674,Despiteemployee,savepast
Interviewactually,6405,Anotherthese,quiteTake
Trainingserve,428,Showscientist,ask.ok
Performancesmall,1578,Themselvesbig,figure.figure.
Lastacross,2343,Realityuse,Societyfly
Benefitgreen,2553,Theoryusually,variousprofessional
Protectdirection,5722,Andtown,fallgood.
Customersoon,9911,Fullhouse,turnseries
Otherespecially,1602,Themselvesbig,source.identify
Mymore,2547,Sopick,Untilcertainly
Socialgas,5818,Anotherthese,Causemovement
Hisplan,4754,Realityuse,Askapply.
Itemexpect,3542,Fullhouse,throughoutknow
Purposefinancial,8840,Somebodythere,Andperson.
Seriesbring,3787,Cellor,key.memory.
Realityage,788,Availablereflect,decadeskin
Truthsuffer,5331,Singcity,wrongrequire
Explainsignificant,4529,Sooncitizen,throughoutknow
Meetmeeting,5982,Wideclear,agencycultural.
Simpleenough,1170,Treeon,least.under
Characterevidence,3984,Liketrouble,beginprobably
Centurysingle,3644,Guessattack,clearwhen
Eithersomeone,9009,Writermagazine,quiteTake
Gardenactually,18,Whotonight,key.memory.
Marketknowledge,1383,Classgovernment,source.identify
Footfinal,7719,Shetwo,TVseem
Undermuch,3500,Pressurewho,yetread
Policemilitary,4476,Safevote,publicpublic
YouI,7597,Badsubject,Southold
Catchdaughter,7479,Socialfood,firstBar
Currentterm,2054,Toughquestion,wecontinue.
Happyfinally,6595,Preventgas,leader.third
Lifeeither,3231,Maintaincurrent,less.room
Bornhalf,2824,Againsthot,Yetgeneral
Explainend,278,Whatmeet,fallgood.
Duringwould,7482,Schoollevel,methodCatch
Letsouth,3089,Responsibilitywhich,educationpainting
Authoritywhite,6727,Hearforget,easyyes.
Happyinvestment,7546,Environmentalvote,Kindprovide
Sitestand,5736,Treetogether,publicpublic
Trialappear,3181,Needpiece,hotwalk
Clearside,1845,Shetwo,nameof
Thusmonth,1520,Buildhappen,Positionpay
Jobmay,2127,Whatlife,Couldoil
Seemnear,4493,Halfthreat,casealmost
Stillfoot,4547,Musiccontain,Blueso
Locallisten,6167,Stopkind,Writeable
Grownumber,1646,Lottime,Societyfly
Westernbox,1636,Withinupon,Measurecenter
Keepfly,5817,Easycondition,impactguess
Signissue,7921,Lottime,throughoutknow
Poorclass,6653,Americanchange,treeterm.
Goallist,2070,Eatbest,"final.
Describegame."
Bitdata,8350,Byleader,EverybodyEverybody
Remembertoward,4946,Productionstill,"final.
Describegame."
Uponspecific,5933,Wonderparticular,pick.throw
Serveprofessional,7793,Stoplaw,Measureman
Agentaccept,8746,Momentaround,Systemagree
Foreigntable,8180,Workmusic,pick.throw
Okreligious,5881,Saverole,findIdea
Topthey,2778,Everfor,Termsound
Beginnews,9156,Sopick,sotoday.
Networkenergy,4808,Oldnumber,Evidenceglass
Playrock,9133,Controlofficer,everything.Mrs
Lightseveral,8175,StudentTV,programlarge
Norofficer,4095,Realityuse,variousprofessional
Somethingrelate,8462,Effortalthough,from.many
Coachbeat,1072,Continuebeyond,raise.security
Peopleincrease,4424,Qualityinvolve,producttop
Leadenvironment,8278,Managemarriage,pass.our
Receiveappear,1400,Makegas,everything.Mrs
Wifestory,8646,Newspaperleast,prettyprobably.
Carrydirector,7442,Stopkind,managementnews
Producesport,8317,Herselfagainst,findIdea
Scienceleader,8468,Modernschool,leader.third
Containdemocratic,1647,Continuebeyond,publicpublic
Severaltonight,4385,Pressurewho,clearwhen
Letterwrong,2567,Managemarriage,Askapply.
Financialeconomic,5223,Calladministration,pick.throw
Detaillearn,8212,Housewin,fieldleader
Wouldstatement,1775,Byleader,aboutwhen.
Valueresponsibility,8709,Sayproduction,findIdea
Foodstandard,8244,Itsnews,qualityprovide
Debatecould,8150,Sowindow,Yetgeneral
Southernwide,8714,Familylike,modernseries
Interestwriter,2326,Educationthan,suddenlyserious
Magazineever,1646,Winsection,reasonAnd
Issuegreen,8726,Sidemovement,savepast
Undermarket,881,Lottime,careerattorney
Americanbaby,9413,StudentTV,yourselfpartner
Projectwhen,3162,Stoppoor,aboutwhen.
Abilityjob,1708,Meetingother,case.enter.
Applybillion,5315,Manshare,source.identify
Longcurrent,5371,Sitepick,Carewind
Preparetelevision,4891,Newscourse,whom.administration
Itselfstory,5719,Liketrouble,clearwhen
Pagerest,8264,Collectionspeak,until.Happen
Wearmoment,9853,Careercollection,piecetheir
Activityvery,176,Abilityargue,sotoday.
Formheart,2666,Manshare,saySouthern
Herworry,8005,Technologycall,structureCan
Standspecial,8621,Fieldwhen,Positionpay
Chairacross,2897,Availablereflect,producttop
Meetuse,9356,Stopkind,levellisten.
Everyalthough,9051,Sopick,churchInstitution
Attackroom,5935,Deeppoor,police.bar
Believecapital,9655,Wideclear,husbandabout
Opencold,7124,Whyforget,cameraenter
Throughoutstock,3652,Allinterest,sotoday.
Askresponsibility,7165,Darkmessage,decadeskin
Followpattern,9238,Yardhold,"while.
WillRise"
Detailartist,8374,Highsuggest,educationpainting
Sellalways,4240,Modernschool,meetimage
LongCongress,8697,Allinterest,programlarge
Offofficial,6010,Whatmeet,whiteelection.
Rolemake,5969,Audiencemiddle,variousprofessional
Coldcurrent,7292,Eastphysical,thensuggest
Nicecheck,2208,Employeerecent,bloodAdd
Meanreflect,3129,Eventenergy,Treatemployee
Changesocial,894,Schoollevel,findIdea
Greatname,7648,Scienceyeah,easyyes.
Collegecheck,9475,Modernschool,stepsix
Realitydiscuss,5018,Treeon,impactguess
Bitrepresent,7732,Playknowledge,beManager
Smallsister,1771,Classgovernment,until.Happen
Indicatecare,5414,Stillalso,pick.throw
Marketidentify,3201,Careercollection,key.memory.
Casecar,3058,Mouththree,memorynation
Whichplayer,6221,Elsewindow,less.room
Sizequality,8312,Bankreally,Returnspend
Smilemove,2675,Allthank,drawSpace
Democraticdark,1851,Pointinvestment,throughoutknow
Participantinstitution,8315,Billnecessary,nearlyallow.
Bedinformation,8815,Daughterwell,Couldoil
Yetweek,9143,Collectionspeak,casealmost
Sametown,4182,Ablebegin,structureCan
Programhear,9324,Allthank,clearwhen
Matterforward,2113,Stoppoor,memorynation
Headmuch,400,Hearforget,agencycultural.
Defenseaccount,3197,Eversuccessful,listquite
Democraticwhat,380,Flyaccording,managementnews
Seadegree,3318,Providedespite,quiteTake
Figureheavy,9371,Sowindow,Blueso
Skillfree,3213,Militarymodern,ResponseTown
Taskgoal,2324,Capitalsport,fieldleader
Hardmaybe,4126,Knowindividual,beManager
Managewhile,6923,Singcity,televisionman
Evenimportant,9177,Aswhite,researchgame
Openfinish,774,Daughterwell,Evidenceglass
Answeroffice,3523,Understandpeace,issueago
Improvenow,5604,Itsnews,"along.
Avoidbenefit"
Singseries,429,Educationhappy,televisionman
Byrich,9652,Moneydecade,situationsurface.
Democraticbuilding,9043,Speakartist,managementnews
Sceneown,8925,Availablereflect,simplyConference
Admitcatch,4789,Whatlife,revealnice
Songdecade,5810,Safevote,modernseries
Treatsite,149,Socialfood,source.identify
Sitetwo,3983,Eatbest,InsteadInstead
Agreecurrent,2031,Withinupon,townbudget
Dreamwhatever,6650,Movebetween,faceWestern
Basenumber,2381,Wearmajority,issueago
Catchprocess,9558,Stoplaw,Theoryresource
Seatalready,2661,Truthwould,yetread
Newspaperfather,6657,Managementlet,change.two
Anothersenior,462,Choosedetail,methodCatch
Audiencemeeting,4769,Effortthank,entirefew
Landlast,9557,Healthsupport,"meet.
TaskAgency"
Northstudy,9995,Viewaway,Kindstop
Choicestop,5153,Andsupport,partyvoice
Fieldpolicy,8973,Somethingrealize,joindrug
Affectyou,3824,Difficultthrow,turnseries
Energydirection,3666,StudentTV,"offwriter.
Few"
Chairgun,5992,Lossits,entireunderstand
Brotherprove,7789,Guessattack,availableNetwork
Hotstatement,6961,Halfthreat,from.many
Barresponsibility,5789,Attentionwhy,Societyfly
Payedge,100,Anythingnation,revealnice
Doson,2104,Everyonelocal,Southold
Recordstrategy,9994,Makegas,hotwalk
Responsibilitydespite,8667,Endcompany,beManager
Manageamong,6269,Indeednone,Sendmessage
Movieleave,3496,Mightseveral,Yetgeneral
Taxpretty,7023,StudentTV,bloodAdd
Beforeherself,23,Darkcollege,suddenlyserious
Beyondname,8219,Andsupport,truthAgain
Shoulderpart,2683,Eventenergy,whom.administration
Pointhealth,3891,Gardenhim,treeterm.
Laughsystem,4032,Managemarriage,interesting.treat
Ballbit,5212,Attentionwhy,Termsound
Determinegarden,6496,Skingrowth,joindrug
Happennight,7074,Payoutside,meetimage
Protectmission,1658,Environmentalvote,Southold
Secondseek,9318,Callreally,"while.
WillRise"
Regionshoulder,3763,Allinterest,methodCatch
Listrise,4968,Liketrouble,nameof
Beautifulworry,3854,Sayproduction,simplyConference
Thoughtmachine,4240,Modelcare,sotoday.
Thanmaybe,1180,Foreignsocial,accountprobably
Effortmiddle,1890,Yardchallenge,throughoutknow
Especiallyold,4234,Generationhow,performstudent
Nearlyseat,2034,Halfthreat,shoulder.model
Seemlaugh,7518,Congressboard,lookTalk
Provideeven,4970,Dinnerhold,townbudget
Playcatch,5249,Easycondition,leadlead
Suggestdifference,3860,Okinclude,aboutwhen.
Howeveroil,4317,Continuebeyond,stagemillion
Farstructure,3123,Darkcollege,availableNetwork
Majorincluding,2648,Votepass,"along.
Avoidbenefit"
Realitybe,2309,Musiccontain,participantparticipant
Dinnerline,4926,Intomillion,Measureman
Shareeasy,6776,Pastsing,revealnice
Meansmile,3463,Nationalbank,Evidenceglass
Drivecheck,2765,Kitchenpower,programlarge
Playerwhom,7019,Runwould,okok
ThirdRepublican,7651,Analysissupport,structureCan
Guncheck,9633,Pastsing,casealmost
Ordermedia,9349,Responddoor,behaviormachine
Halfsummer,8483,Aonly,Highcity.
HappenPM,7905,Takeplayer,forcearea.
Chairstar,6529,Attacksince,"million.
VisitType"
Nothinglocal,6224,Audiencemiddle,democraticdebate
Hairdata,9957,Intomillion,"offwriter.
Few"
Forgetvalue,9863,Americantheir,wrongrequire
Lifefill,4733,Severalthousand,entireunderstand
Buyhospital,3860,Administrationyard,everythingreveal
Finallylist,5328,Mayfeeling,throughimagine
Timebeautiful,3565,Collectionspeak,outsidekid.
Whomjust,8586,Nationalbank,turnseries
Howeverof,9749,Manshare,soldierfive.
Maybewest,7291,Ablebegin,issueago
Smilecouple,6148,Pointinvestment,availableNetwork
Studyeven,2414,Bigsomebody,Andperson.
Noticefilm,681,Wantdown,howeverdifferent
Seascience,6444,Keeprecently,deep.into
Realbehavior,232,Byleader,treeterm.
Thirdfigure,4866,Trialgeneral,careerattorney
Hairprofessional,9117,Schoolmovement,structureCan
Pickor,34,Threetalk,situationsurface.
Darkbefore,8576,Audiencemiddle,Differenceadd
Abletreatment,8898,Weightadult,churchInstitution
Whattime,3897,Managementlet,Writeable
Withoutoffice,7210,Gardenhim,"daughtermake.
Activity"
Lesspeace,949,Abilityargue,ontohome.
Impactmanager,6350,Modernschool,revealnice
Falllaw,2170,Saylocal,TVseem
Partynational,3587,Qualityinvolve,future.Production
Wantif,2128,Wideclear,stagemillion
Sincemyself,5219,Matterapply,bloodAdd
Seriousaccording,9515,Agedrop,Causemovement
Longclaim,6907,Knowindividual,from.many
Developmentcommercial,2202,Computerimagine,prettyprobably.
Ballready,9360,Runwould,thoughPrice
Ideabelieve,8676,Centralwindow,revealnice
Laughpull,4907,Badsubject,kind.president
Againpolice,4843,Effortthank,reportsuccess
Planonly,8576,Likeprepare,forcearea.
Prettydebate,5873,Wearmajority,Theoryresource
Seatwhere,2228,Eitherline,turnseries
Exactlyofficial,1395,Endcompany,case.enter.
Articleidentify,1080,Effortthank,openSuddenly
Tooon,128,Keeprecently,"million.
VisitType"
Meetingeffort,6054,Sitepick,budget.box
Regioncut,6406,Difficultthrow,beginprobably
Performman,55,Allthank,SocietyAge
Leaderbox,3184,Newscourse,Carewind
Existproduct,842,Careercollection,situationsurface.
Toincrease,8249,Everyonelocal,deep.into
Choicemarket,4704,Schoolmovement,Determinemilitary
Spaceworld,5614,GamePM,Differenceadd
Surethen,799,Ratewrite,churchInstitution
JoinRepublican,806,Agesize,modernseries
Languageblue,8429,Allinterest,leader.third
Crimefinancial,1611,Newstrue,ask.ok
Likelyfrom,7551,Atthey,ontohome.
Bysong,4192,Allthank,clearwhen
Allpull,9261,Agedrop,safeFear
Believeworker,55,Eventenergy,never.nor
Ratherthird,5090,Whatlife,yetread
Computeract,2092,Militarymodern,future.Production
Paintingwatch,3342,Meetingother,accountprobably
Talkinterest,869,Billnecessary,figure.figure.
Accountpopular,2401,Ablecenter,accountout.
Costrole,6200,Modernschool,InsteadInstead
Artistsave,3421,Gardenhim,"groundreal.
Shake"
Joinknow,4350,Threetalk,figure.figure.
Televisionquickly,5471,Generationhow,until.Happen
Centurydrug,5734,Congressboard,listquite
Easyten,6124,Agesize,methodCatch
Stockfuture,7985,Elsewindow,entirefew
Sellrequire,3490,Lottime,throughimagine
Sevenagree,4133,Itsnews,aWestern
Conditiondifficult,2248,Meetingother,joindrug
Valuelaw,9400,Guessattack,researchgame
Plantindeed,4686,Sincesignificant,townbudget
Secondleave,2127,Addfill,shoulder.model
Sometimescrime,6045,Largecontinue,suddenlyserious
Spacereflect,5712,Intomillion,anyonePerform
Latemarket,2305,Modernschool,levellisten.
Outvalue,5123,Aswhite,childlose
Bluelearn,9171,Healthsupport,aboutwhen.
Meetfull,2818,Capitalsport,plan.moment
Linedrug,9803,Healthsupport,suddenlyserious
Missclose,708,Classgovernment,makeon
Programleg,1613,Managemarriage,sufferfour
Muchunit,7164,Byleader,anyonePerform
Dealavoid,3928,Lossits,sportbase
Lifethere,2589,Agedrop,throughoutknow
TheyCongress,9654,Childcertainly,"meet.
TaskAgency"
Hothot,6997,Boxpoor,hotwalk
Offerexecutive,1428,Sowindow,typeit
Colorremember,1647,Darkcollege,beginprobably
Placebusiness,2580,Managementlet,entireunderstand
Arrivefloor,579,Necessarybuy,openSuddenly
Decisionremain,9003,Mayfeeling,"while.
WillRise"
Buildpopular,4236,Wordstandard,Measurecenter
Takemaintain,6324,Lossits,televisionman
Preventbecause,2604,Halfthreat,"daughtermake.
Activity"
Degreebudget,8925,Decisionresource,participantparticipant
Providefamily,8808,Fieldwhen,pick.throw
Seeif,3434,Cellor,throughimagine
Usefront,548,Audiencemiddle,structureCan
Alongresponsibility,9916,Whatmeet,ResearchWithout
Studenthear,3635,Newscourse,ontohome.
Strategybe,1110,Itwhere,husbandabout
Suggesthead,616,Atthey,understandunderstand
Casedinner,4817,Agedrop,situationsurface.
Offdaughter,6509,Alonginside,programlarge
Democratsociety,6352,Benefitcountry,plan.moment
Signthis,8559,Aonly,Determinemilitary
Decideinclude,2081,Nationnecessary,shoulder.model
Handsystem,1844,Liketrouble,firstBar
Leavemission,1988,Schoollevel,agencycultural.
Godifference,2849,Formerfrom,Couldoil
Rateterm,6436,Responsibilitywhich,faceWestern
Youbox,6802,Evidencemy,everythingreveal
Yeahplan,3594,Preventgas,change.two
Campaignbit,7100,Doctormanagement,spendspend
Existarticle,8908,Technologycall,Positionpay
Appearquickly,3301,Becausegood,"daughtermake.
Activity"
Suchtough,4124,Housewin,thoughPrice
Livebuild,2910,Addfill,rich.significant
Enterseason,8282,Environmentalvote,anyonePerform
Southprocess,3146,Educationhappy,behaviormachine
Citizendecide,2573,Fishinvestment,levellisten.
Thistheory,789,Voiceenergy,findIdea
Southeven,8189,Audiencemiddle,firstBar
Quicklyamount,6785,Stopkind,never.nor
Organizationdetail,1869,Bankreally,impactguess
Redtruth,1884,Continuebeyond,whichnote
Dropfind,9389,Sooncitizen,openSuddenly
Seamillion,8881,Considerthey,ask.ok
Internationalestablish,8734,Probablyshoulder,turnseries
Congresstoday,2309,Voiceenergy,faceWestern
Sometimescharacter,4717,Halfthreat,"wrongpass.
Interesting"
Boardyear,1400,Itsnews,impactguess
Nonelevel,4316,Aswhite,turnseries
Reflectgood,2570,Andsupport,Positionpay
Oftennight,8377,Safevote,speaknation
Bagculture,2035,Andtown,forcearea.
Systemthird,2593,Deeppoor,listquite
Colorthus,5803,Dreamput,ontohome.
Modelgame,5718,Healthsupport,whichhundred.
Althoughlast,7912,Playsmall,deep.into
Scorecandidate,5164,Gardenhim,qualityprovide
Manyparty,2708,Difficultthrow,police.bar
Nonesimply,2810,Skingrowth,suddenlyserious
Describelike,9197,Audiencemiddle,partyvoice
Goodbegin,5719,Deeppoor,trainingstudy
Stepwater,6602,Firstdeal,aWestern
Effortidentify,8960,Presidentbad,"wrongpass.
Interesting"
Keyallow,1598,Despiteemployee,whatever.natural
Revealdirector,8016,Votepass,whiteelection.
Operationlisten,8552,Popularphone,cameraenter
Passserious,8203,Wearmajority,Sendmessage
Storeroad,6524,Leadchallenge,Southold
Productionwhen,782,Threetalk,understandunderstand
Ableand,8569,Possiblebetter,programlarge
Ideacut,6264,Payoutside,Meetscientist
Willthreat,4852,Leadchallenge,wrongrequire
Blackpoor,6233,Chooseseem,"groundreal.
Shake"
Husbandgas,9512,Keeprecently,Sendmessage
Sensebe,3563,Highsuggest,raise.security
Situationpresident,6568,Simplethemselves,Systemagree
Numbergeneration,3812,Fieldwhen,bloodAdd
Difficultonce,3954,Responsibilitywhich,Positionpay
Stepset,3777,Benefitcountry,police.bar
Probablycentury,8906,Interestinguse,televisionman
Thanwhatever,6025,Simplethemselves,key.memory.
Orderrecently,9767,Momentaround,never.nor
Memorysomething,489,Matterrecord,fallgood.
Adultproduce,2469,Keeprecently,Theoryresource
Soundfour,8101,Stoplaw,"wrongpass.
Interesting"
Stateonto,9453,Formerfrom,firstBar
Armmy,9694,Ratewrite,ask.ok
Administrationimpact,8224,Providedespite,budget.box
Accountmillion,8658,Americanchange,whom.administration
Simplythe,9933,Pressurewho,speaknation
Flygarden,3921,Richagree,partytake.
Receiveeverybody,1220,Cityexpect,"final.
Describegame."
Professionaltable,1065,Evidencemy,nightsound
Accountyoung,6612,Runwould,thoughPrice
Whencouple,4544,Whotonight,leadlead
Continuelevel,534,Eventenergy,makeon
Existmention,9335,Withincertain,Kindstop
Muchhe,9167,Benefitcountry,trainingstudy
Magazinewide,3450,Dinnerhold,Evendirection
Difficultmemory,771,Treetogether,stepsix
Beforeback,8349,Administrationyard,publicpublic
Someoneinteresting,7968,Mrsoldier,ResearchWithout
Amountblack,3949,Dogame,fallgood.
Footagent,5872,Eatbest,"meet.
TaskAgency"
Feelingbig,3784,Rateactivity,performstudent
Responsedeal,2563,Classgovernment,soldierfive.
Guesseither,468,Everfor,yetread
Modernfactor,175,Elsewindow,Causemovement
Aroundnight,5019,Despiteemployee,Evendirection
Tenwe,5773,Andtown,nightsound
Deepresearch,13,Eatbest,whatever.natural
Studyimpact,2887,Whotonight,openSuddenly
Amongcompare,9382,GamePM,less.room
Similardeal,4304,Localfrom,sufferfour
Jobpolice,5355,Himindicate,thensuggest
Amountfinally,3479,Beyondwriter,prettyprobably.
Youresearch,439,Elsewindow,hotwalk
Successfulmajority,8324,Childcertainly,whichhundred.
Setlevel,5732,Clearyear,"daughtermake.
Activity"
Workerrealize,2537,Managementlet,anyonePerform
Surfacewhen,6950,Andlead,safeFear
Causethemselves,8756,Kitchenpower,SocietyAge
Coverphone,1829,Lownear,outsidekid.
Highabout,8434,Controlofficer,aWestern
Attentionboth,6384,Childcertainly,Writeable
Waitstay,3098,Simplethemselves,EverybodyEverybody
Easymanage,3192,Agreementoil,Andperson.
Saveclose,7746,Maintaincurrent,FocusMan
Stateattention,9964,Americantheir,Causemovement
Whichsave,4819,Skingrowth,interesting.treat
Listmember,2561,Sufferalmost,rich.significant
Ordernearly,7846,StudentTV,howeverdifferent
Dohelp,7548,Militarymodern,Blueso
Worryaccording,9524,Environmentalvote,simplyConference
Brotherrock,6631,Pointinvestment,issueago
Truthword,4775,Okinclude,joindrug
Toughcapital,1813,Mrsoldier,from.many
Nosit,3457,Managemarriage,throughimagine
Keepsense,4067,Newstrue,bookMrs
Currentanother,4347,Anotherthese,interesting.treat
Usuallyhot,2272,Meetingother,nightsound
Seriesteam,6842,Byleader,least.under
Agechoice,8374,Darkmessage,prettyprobably.
Appearnature,3775,Byleader,treeterm.
Carewhite,2655,Nevermanager,couldstep
Directionlanguage,289,Managementlet,Couldoil
Togethermanagement,1125,Capitalsport,sportbase
Choiceguy,4834,Lossits,Askapply.
Involvethrow,5560,Stayofficial,anyonePerform
Hardsoon,175,Saverole,cameraenter
WhyPM,6376,Trialgeneral,suddenlyserious
Entirereturn,716,Withinupon,Theoryresource
Existdark,6356,Meetwalk,findIdea
Increaseabout,8693,Policystage,change.two
Clearbetween,3555,Careercollection,variousprofessional
Usenjoy,9950,Tableworry,anyonePerform
Alonemedia,4601,Trialgeneral,Couldoil
Paintingappear,3963,Drugfood,"hearTV.
Agreement"
Indeedchoice,4911,Buildhappen,suddenlyserious
Movejust,2400,Topbenefit,suddenlyserious
Alreadyusually,8763,Policystage,wecontinue.
Yourtop,8130,Simplethemselves,voicespeak
Interviewhelp,7648,Workmusic,ask.ok
Eightour,4350,Withinactually,truthAgain
Closeability,5022,Propertyonly,Republican.Republican.
Finallything,4563,Leadrespond,sotoday.
Workinstitution,5266,Rateactivity,decadeskin
Storejust,2220,Knowstill,Kindprovide
Eyeten,5624,Musiccontain,performstudent
Blueown,733,Workermusic,case.enter.
Consumerpossible,3087,Daughterwell,bloodAdd
Troubleattack,6620,Speakartist,Yetgeneral
Nationallight,3421,Centralwindow,Societyfly
Technologykeep,4106,Agesize,churchInstitution
Leftthus,1244,Drugfood,understandunderstand
Interestingbecome,6192,Threetalk,safeFear
Performancerecently,9869,Endchallenge,nightsound
Nightcenter,669,Technologycall,impactguess
Raisefeel,9195,Possiblebetter,modernseries
Norwide,8371,Okinclude,Evendirection
Basenow,5490,Eitherline,police.bar
Fallenter,4108,Stillalso,whichnote
Tooactually,2172,Dreamput,ontohome.
Answerunit,5412,Schoollevel,treeterm.
Ownanswer,1142,Probablyshoulder,stagemillion
Stylefill,5705,Responsibilitywhich,methodCatch
Holdblack,6598,Workmusic,everythingreveal
Medicaldesign,2681,Abilitycut,least.under
Secondwoman,5009,Treeon,couldstep
Laughentire,6714,Writermagazine,piecetheir
Keepwant,1035,Ablebegin,findIdea
Roomroom,4096,Pastsing,faceWestern
Signparty,7968,Withincertain,Republican.Republican.
Networkskill,8057,Keeprecently,yetread
Landthought,2396,Stoppoor,tradeplayer
Directionwar,3223,Herselfagainst,structureCan
Managework,6994,Withinactually,revealnice
Careersuddenly,7861,Policystage,Evidenceglass
Everythingremember,2089,Technologycall,central.Newspaper
Reduceremain,2369,Daughterwell,Returnspend
Stuffindustry,1493,Continuebeyond,stepsix
Redcampaign,4447,Ityoung,typeit
Opennews,7699,Coupletrue,soldierfive.
Teachbeyond,2538,Sopick,Highcity.
Topclaim,30,Singcity,TVseem
Finallyyou,5903,Sincesignificant,SocietyAge
Waron,7180,Coupletrue,thoughPrice
Hundredresearch,6719,Anythingnation,mattersociety
Mrsport,8453,Wideclear,whichnote
Tasktraining,1623,Runwould,turnseries
Reflectdraw,1466,Everyonelocal,openSuddenly
Termhusband,5535,Necessarybuy,decadeskin
Raisemight,4566,Endchallenge,Causemovement
Interviewalong,6253,Musiccontain,deep.into
Racemodel,2402,Movebetween,nowhand
Quicklyduring,8062,Liketrouble,put.central
Okfollow,7935,Okinclude,everything.Mrs
Sportpressure,1937,Actuallylay,nowhand
Degreetry,7435,Sufferalmost,sotoday.
Betweenkey,6032,Everfor,nowhand
Sciencesort,6782,Actuallymind,Highcity.
Numberremain,4995,Peacedream,thensuggest
Monthcrime,9779,Abilityargue,makeon
Leadkid,2374,Computerimagine,performstudent
Shemother,1852,Healthsupport,reasonAnd
Severalhappy,9795,Herselfagainst,pick.throw
Happyresult,745,Stayofficial,fallgood.
Insideeasy,4325,Scienceyeah,beManager
Humanenvironment,2567,Bagcompany,thoughPrice
Modernback,2887,Foreignsocial,ResearchWithout
Beforebeat,6117,Responsibilitywhich,change.two
Moneypoint,4775,Monthterm,never.nor
Revealsomeone,8519,Effortthank,careerattorney
Agencypersonal,8951,Sincesignificant,husbandabout
Showavoid,2313,Clearyear,casealmost
Differentgoal,1542,Writermagazine,Kindstop
Addwall,2689,Towardpressure,saySouthern
Sportknowledge,426,Interestinguse,Couldoil
Formerdeep,3610,Leadchallenge,findIdea
Maintainreveal,9128,Eversuccessful,followlive
Richaction,1655,Playsmall,lookTalk
Ifwear,6089,Healthsupport,piecetheir
Waraction,9817,Elsewindow,whatever.natural
Somethingson,4443,Thisclearly,tradeplayer
Rolewait,6564,Militarymodern,Andperson.
Ratherof,2465,Managementlet,EverybodyEverybody
Childpast,6943,Leadchallenge,voicespeak
Askgive,3208,Eastphysical,availableNetwork
Glassyour,4021,Coupletrue,yourselfpartner
Stagecover,2847,Movebetween,officesecurity
Wantimportant,4613,Buildhappen,whom.administration
Begintraining,4794,Buildhappen,forcearea.
Theorystatement,4550,Americantheir,entireunderstand
Economythose,6629,Lownear,ResponseTown
Specialpage,4450,Darkcollege,churchInstitution
Educationcould,4853,Buildhappen,officesecurity
Beautifulguy,4311,Cellor,Meetscientist
Degreerole,982,Mrsoldier,source.identify
Indicatesuggest,8571,Singcity,democraticdebate
Educationtreat,2864,Latertoward,case.enter.
Itselfstate,6033,Childcertainly,"wrongpass.
Interesting"
Fieldrule,7265,Necessarybuy,whiteelection.
Soonhand,5959,Imageimpact,whichnote
Easymovement,9588,Okinclude,interesting.treat
Catchwork,5868,Sooncitizen,"while.
WillRise"
Reallyside,5179,Payreduce,modernseries
Useevening,8936,Momentaround,until.Happen
Ifsignificant,3679,Weightadult,Measurecenter
