Work_Place,Position_Name,Personal_Name,Personal_Surname,Wage,Hiring_date
Causemovement,Emergency planning/management officer,Heather,Caldwell,28101,1968-2-27
participantparticipant,"Engineer, structural",Pamela,Evans,107725,1991-10-17
never.nor,Medical secretary,Jason,Washington,159613,1611-2-2
thoughPrice,Trade mark attorney,Carol,Garrett,257905,1954-8-14
memorynation,Logistics and distribution manager,William,Gibbs,115126,2018-9-4
fieldleader,"Psychologist, clinical",Anthony,Morris,251824,1858-9-28
Highcity.,Ecologist,Jack,Ward,245136,1886-8-25
Sendmessage,Investment analyst,Isaac,Obrien,395577,1731-1-14
memorynation,Chartered legal executive (England and Wales),Rhonda,Reyes,186266,1892-7-13
anyonePerform,Medical secretary,Jason,Williams,230112,1585-2-27
educationpainting,Cytogeneticist,Cody,Bradley,6455,1688-10-5
Determinemilitary,Learning disability nurse,John,Lindsey,182992,1903-5-8
"final.
Describegame.",Armed forces technical officer,Mary,Riley,870,1671-7-21
cameraenter,"Producer, radio",Stacy,Mccarthy,20372,1796-4-27
simplyConference,Location manager,Gavin,Perry,489535,1963-8-9
Differenceadd,Intelligence analyst,Stephanie,Larson,87130,1889-9-18
Republican.Republican.,Fashion designer,Joshua,Serrano,12907,1765-4-10
producttop,Purchasing manager,Pamela,Gray,237888,1788-6-1
accountout.,"Buyer, industrial",Christina,Smith,59260,1552-5-3
whiteelection.,Operational researcher,Nicholas,Gilbert,275279,1690-5-10
turnseries,Nature conservation officer,Kimberly,Branch,410813,1621-4-27
"hearTV.
Agreement",IT trainer,Jennifer,Dickson,243118,1751-5-14
voicespeak,Media planner,Sharon,Green,147621,1699-5-9
soldierfive.,Multimedia programmer,Veronica,Morgan,116345,1629-1-6
aboutwhen.,"Psychologist, clinical",Heather,Smith,182823,1520-7-18
Theoryresource,"Geologist, engineering",Amber,Chavez,93994,1600-7-17
whichhundred.,Fitness centre manager,Megan,Campbell,170146,2018-8-2
focusshe,"Runner, broadcasting/film/video",Manuel,Wilson,48369,1649-2-26
InsteadInstead,Television camera operator,Samantha,Keller,373134,1601-11-15
"meet.
TaskAgency","Horticulturist, amenity",Joy,Moss,317737,1622-10-15
"daughtermake.
Activity","Engineer, automotive",Rachel,Yoder,191252,1977-6-26
makeon,Fisheries officer,Thomas,Stout,269008,1625-1-1
wrongrequire,Clinical molecular geneticist,James,Turner,333112,1654-8-23
SocietyAge,Personnel officer,Elizabeth,Garza,307249,1539-9-10
aboutwhen.,Insurance underwriter,Richard,Gutierrez,196286,1540-12-7
suddenlyability,Oncologist,Regina,Frederick,313727,1728-4-2
qualityprovide,Chartered management accountant,Manuel,Wade,62276,1918-7-21
reasonAnd,"Conservation officer, nature",Bradley,Martin,425742,1503-1-15
beManager,Industrial buyer,Kristie,Sanchez,138395,1879-11-7
less.room,Community arts worker,Amanda,Sanders,398690,1678-11-14
Carewind,Mental health nurse,Matthew,Miranda,158788,1828-7-14
drawSpace,Occupational psychologist,Jennifer,Rosario,53053,1784-4-4
key.memory.,Waste management officer,Dr.,Randall,104586,1625-5-25
SocietyAge,Insurance underwriter,Jamie,Wagner,214123,1746-6-3
hotwalk,Training and development officer,David,Taylor,236969,1701-5-25
bookMrs,Editorial assistant,Emily,Barrera,330282,1891-9-18
bookMrs,Network engineer,Karen,Gillespie,318240,1641-9-24
wecontinue.,Ambulance person,Margaret,Harrison,76939,1968-1-2
Positionpay,Clinical biochemist,Henry,Edwards,189862,1581-7-17
suddenlyability,"Physicist, medical",Robin,Todd,391719,1866-7-4
budget.box,Aeronautical engineer,Raymond,Sanchez,260269,1807-6-18
stagemillion,Air broker,Sheila,Morales,450529,1618-8-20
whom.administration,Charity officer,Jacqueline,Collins,29567,1519-3-24
whom.administration,Legal secretary,Johnny,Jones,485858,1949-3-17
Askapply.,"Production assistant, radio",Robin,Mejia,366962,2013-3-24
prettyprobably.,Community pharmacist,Haley,Welch,289683,1538-7-2
decadeskin,"Optician, dispensing",Joshua,Mcintosh,217833,1561-7-25
FocusMan,"Scientist, biomedical",Penny,Le,116219,1625-3-23
stagemillion,Photographer,Alexander,Smith,79686,1512-11-8
okok,"Optician, dispensing",Kevin,Williams,387649,1804-8-22
Societyfly,Multimedia specialist,Thomas,Levy,441566,1986-2-16
pick.throw,"Teacher, special educational needs",Kayla,Sharp,36561,1806-4-11
findIdea,"Surveyor, mining",Mrs.,Hall,412287,1915-1-8
Kindstop,Chief Marketing Officer,Danielle,Owens,178314,1503-5-28
modernseries,Illustrator,Julie,Phelps,452177,1885-9-13
"hearTV.
Agreement",Clinical cytogeneticist,Marcus,Butler,145875,2010-5-7
okok,Data processing manager,Jamie,Williams,132464,1694-10-3
case.enter.,Chartered management accountant,Michael,Murphy,231275,1831-8-17
seem.policy,Conference centre manager,Dawn,Castillo,54665,1902-5-5
future.Production,Technical sales engineer,John,Williams,420542,1638-2-4
qualityprovide,Graphic designer,Sue,Patterson,365689,1649-3-1
producttop,Technical brewer,Brittany,Ellis,96994,1536-3-21
impactguess,Higher education lecturer,Sara,Miller,81012,2003-5-2
ResearchWithout,"Production designer, theatre/television/film",Jared,Ayers,23200,2005-12-16
structureCan,Radio broadcast assistant,Jessica,Rivera,11720,1530-9-25
administration.thus,Industrial/product designer,James,Hill,385764,1962-1-2
beginprobably,Broadcast presenter,Alexis,Walton,303330,1919-2-10
deep.into,"Surveyor, building",Kevin,Caldwell,354848,1952-2-6
"along.
Avoidbenefit",Fitness centre manager,Kristi,Vaughn,388218,1940-9-1
until.Happen,Site engineer,Jamie,Morgan,290823,1598-1-5
fieldleader,Exercise physiologist,Jennifer,Michael,132526,1981-9-17
availableNetwork,"Scientist, research (medical)",Catherine,Lopez,119257,1796-5-14
typeit,Nature conservation officer,Brian,Cook,89476,1513-5-20
billThan,Oncologist,William,Edwards,360037,1720-10-11
interesting.treat,"Programme researcher, broadcasting/film/video",Laura,Gonzalez,144684,1989-12-23
"million.
VisitType",Statistician,Mariah,Herrera,27413,1713-8-11
agencycultural.,Applications developer,Lisa,Elizabeth,62079,1702-4-4
makeon,Careers adviser,Donald,Gardner,210094,1701-6-7
Maintainmusic,Armed forces logistics/support/administrative officer,Kristin,Jasmine,50611,1730-4-1
methodCatch,"Designer, furniture",Charles,Robbins,282457,1526-5-5
husbandabout,"Engineer, maintenance (IT)",Ashley,Watson,290102,1645-9-10
key.memory.,"Exhibitions officer, museum/gallery",Dana,Rangel,477748,1977-4-16
structureCan,"Education officer, environmental",Nicholas,Morris,184017,1936-12-23
followlive,Bookseller,Ricardo,Owens,299128,1923-4-11
key.memory.,"Production assistant, radio",Tanya,Young,159942,1762-4-25
managementnews,Podiatrist,Jeffrey,Moyer,31123,1735-6-19
Measurecenter,"Education officer, environmental",Michael,Fowler,359131,1733-3-24
"meet.
TaskAgency",Waste management officer,Anthony,Brown,104896,1870-4-28
suddenlyserious,"Research officer, political party",Tanya,Herrera,339488,1848-9-13
researchgame,Industrial/product designer,Michael,Hart,361837,1662-9-2
Measurecenter,"Engineer, structural",Alyssa,Bailey,228688,1528-5-13
EverybodyEverybody,"Engineer, communications",Jennifer,Gibbs,183360,1535-8-27
Southold,"Psychotherapist, dance movement",Richard,Gray,299690,1750-1-22
typeit,Diplomatic Services operational officer,Tiffany,Flores,440051,1944-4-24
whatever.natural,"Engineer, manufacturing",Marissa,Serrano,153013,1899-4-13
partytake.,Leisure centre manager,Brandi,Fields,187436,1885-1-4
clearwhen,"Exhibitions officer, museum/gallery",Robert,Martin,239924,1623-12-2
sportbase,Ranger/warden,Tracy,Andrews,416155,1633-1-20
Treatemployee,"Therapist, drama",Gary,Daniel,167554,1825-7-22
case.enter.,"Runner, broadcasting/film/video",Brandy,Brown,50630,1640-6-22
reportsuccess,Forensic psychologist,Andre,Wade,430437,1610-11-5
whiteelection.,Control and instrumentation engineer,John,Donaldson,374814,1937-5-3
Measurecenter,Bonds trader,Joel,Rice,172548,1790-2-28
Southold,"Designer, furniture",Sara,Tran,348238,1612-3-5
structureCan,Community arts worker,Kirsten,Clinton,303083,1538-12-8
bloodAdd,"Development worker, community",Richard,Gibbs,475424,1880-11-5
ResearchWithout,Actuary,Matthew,Hunt,216135,1747-2-3
everythingreveal,"Doctor, hospital",Deborah,Watts,346474,1977-12-2
Kindprovide,Archivist,Meghan,Ramirez,329622,1758-3-19
methodCatch,Chartered loss adjuster,Carlos,Anderson,292908,1676-2-8
clearwhen,Network engineer,Kristen,Reynolds,150354,1984-7-24
Measurecenter,Sports administrator,James,Hall,186056,1799-6-8
everything.Mrs,"Chemist, analytical",Michelle,Landry,327092,1636-12-8
nowhand,Orthoptist,Christina,Alexander,266300,1909-11-1
"final.
Describegame.",Financial adviser,Anthony,Richmond,222685,1916-3-23
followlive,Tax inspector,Deanna,Harris,270755,1922-9-26
soldierfive.,Oncologist,Kristen,Jones,62960,1561-7-21
Theoryresource,Patent examiner,Brent,Hendricks,38451,2018-5-23
modernseries,Market researcher,Brandi,Boyle,219136,1926-9-17
seem.policy,Claims inspector/assessor,Jennifer,Thomas,376494,1663-6-19
pass.our,Veterinary surgeon,Matthew,Bailey,328695,1655-6-17
never.nor,Public affairs consultant,Lindsey,Robinson,82253,1661-11-17
accountout.,Aeronautical engineer,Patricia,Rojas,51176,1688-4-13
soldierfive.,Radio producer,Ana,James,221228,1516-3-10
thoughPrice,Mechanical engineer,Christopher,Brown,209073,1742-8-6
availableNetwork,"Surveyor, land/geomatics",Justin,Richard,249670,1658-3-28
figure.figure.,Psychotherapist,Amy,Silva,74887,1554-2-16
wecontinue.,Probation officer,Eric,Garcia,63751,1902-7-16
sufferfour,"Exhibitions officer, museum/gallery",Tyler,Cody,481128,1743-9-8
qualityprovide,Acupuncturist,Phillip,Wagner,425287,1804-9-21
shoulder.model,Heritage manager,Diana,Hanson,71868,1852-9-3
"meet.
TaskAgency","Producer, television/film/video",Warren,Lucas,290831,1976-4-7
firstBar,"Exhibitions officer, museum/gallery",Brian,Elliott,491616,1534-1-24
change.two,"Geologist, wellsite",Jason,Gonzales,323672,1667-10-14
suddenlyserious,Diplomatic Services operational officer,Katrina,Page,272574,1990-7-7
piecetheir,Materials engineer,Eric,Martin,24446,1603-12-16
beManager,Television camera operator,Courtney,Brian,144889,1799-1-16
shoulder.model,"Engineer, control and instrumentation",Joseph,Lin,62460,1916-12-22
turnseries,Herbalist,Dana,Pierce,403210,2019-1-24
turnseries,"Doctor, hospital",Benjamin,Horn,160696,2007-10-18
Yetgeneral,"Engineer, mining",Nicholas,Lutz,453285,1527-10-10
police.bar,Television/film/video producer,Amy,Chung,249216,1812-5-26
Evidenceglass,Chief of Staff,Jill,Wood,364247,1527-8-27
suddenlyability,Further education lecturer,Blake,Nelson,271015,1725-11-28
whichhundred.,Personnel officer,Pamela,Bailey,440633,1511-12-27
Sendmessage,Travel agency manager,Kevin,Gonzalez,33754,1846-9-16
police.bar,Water engineer,James,Rodriguez,110973,1986-5-11
Sendmessage,"Designer, jewellery",Robert,Morrison,395488,1914-2-26
Yetgeneral,Cabin crew,Guy,West,61423,1976-5-20
simplyConference,Audiological scientist,Andrew,Elliott,468774,2014-5-13
structureCan,"Solicitor, Scotland",Anthony,Henry,201926,1866-3-16
issueago,Customer service manager,Nicole,White,230175,1936-8-26
whatever.natural,Physiotherapist,Paul,Dougherty,88112,1552-1-7
central.Newspaper,Adult guidance worker,Joseph,Hudson,434795,1636-7-17
drawSpace,Adult guidance worker,Kristina,Vaughn,454529,1555-7-5
suddenlyserious,"Administrator, sports",Sarah,Galvan,288464,1654-9-12
least.under,"Civil engineer, consulting",Dr.,Mosley,472337,1990-6-11
agencycultural.,Translator,Ryan,Thomas,108079,1575-11-26
Highcity.,Teaching laboratory technician,Jennifer,Ramos,125785,1716-3-27
casealmost,Marketing executive,Reginald,Hughes,364918,1545-8-20
figure.figure.,Animator,Kurt,Bradshaw,63464,1881-2-6
hotwalk,"Doctor, hospital",William,Figueroa,273042,1724-8-17
Measurecenter,Armed forces operational officer,Richard,Evans,348508,1886-11-17
performstudent,Metallurgist,Todd,Williams,354267,1951-4-10
InsteadInstead,"Administrator, sports",Alex,Orozco,15418,1950-11-6
forcearea.,Financial trader,Michael,Silva,326403,1917-5-17
saySouthern,Occupational therapist,Natalie,Buchanan,251614,1577-9-3
never.nor,"Scientist, clinical (histocompatibility and immunogenetics)",Carol,Davenport,434875,1505-8-4
Theoryresource,"Horticulturist, commercial",Natalie,Fuller,314621,1624-10-7
InsteadInstead,Pathologist,Karen,Smith,76538,1672-11-11
ResponseTown,Lobbyist,Melinda,Rice,301665,2008-1-9
programlarge,Chief Technology Officer,Linda,Nelson,133169,1533-10-27
bookMrs,Printmaker,Ryan,Hernandez,320014,1736-4-23
everything.Mrs,Civil Service fast streamer,Chase,Castillo,295172,1693-3-9
wrongrequire,Outdoor activities/education manager,Amber,Scott,360376,1573-11-2
"daughtermake.
Activity",Training and development officer,Matthew,Duncan,61433,1937-6-14
partyvoice,Research scientist (physical sciences),Jeremy,Sutton,193103,1623-8-23
Askapply.,Broadcast presenter,Douglas,Norris,95041,1751-1-20
Kindprovide,Furniture designer,Elizabeth,Evans,156780,1749-6-7
throughoutknow,Chief Technology Officer,Bradley,Welch,345702,1625-5-27
Untilcertainly,Conference centre manager,Dr.,Frye,488961,1635-12-24
whom.administration,Logistics and distribution manager,Lindsey,Baker,65919,1607-5-21
prettyprobably.,Contracting civil engineer,Dawn,Nguyen,326903,1774-9-27
howeverdifferent,Applications developer,Bradley,Mcmillan,334413,1751-4-18
Measurecenter,Minerals surveyor,Stephen,Robinson,169588,1880-6-15
nightsound,Product/process development scientist,Amanda,Proctor,368251,1654-3-19
behaviormachine,Clinical molecular geneticist,Ricky,Miller,33199,1778-4-5
Determinemilitary,Audiological scientist,Morgan,Garcia,230086,2018-4-8
husbandabout,Medical illustrator,Cassandra,Clark,122779,1899-5-8
drawSpace,Interpreter,Sandra,Nielsen,176223,1585-11-15
saySouthern,"Sound technician, broadcasting/film/video",Jennifer,Livingston,239616,1891-4-2
budget.box,Learning disability nurse,Megan,Perez,138532,1797-11-26
nameof,Probation officer,Jacob,Gregory,304227,1601-4-22
whichnote,Biomedical engineer,Jacqueline,Johnson,13151,1780-1-28
makeon,"Surveyor, mining",Joshua,Washington,79387,1958-9-19
budget.box,"Scientist, audiological",Matthew,Cox,187182,1936-8-14
never.nor,Amenity horticulturist,Angela,Bowman,423361,1525-6-6
reportsuccess,Chief Marketing Officer,Brian,Prince,440900,1672-9-6
soldierfive.,Professor Emeritus,Matthew,Fernandez,209393,1991-9-1
educationpainting,"Engineer, control and instrumentation",Leonard,Williams,6432,1974-6-27
administration.thus,Building control surveyor,Colleen,Kim,43506,1834-1-13
husbandabout,Community pharmacist,Andrew,Harris,41373,1832-9-6
accountout.,Barrister's clerk,Heather,Harvey,60653,1982-11-14
middle.author,Ranger/warden,Jennifer,Chavez,231313,1649-4-25
suddenlyserious,Trade mark attorney,Catherine,Davis,94657,1886-12-22
stagemillion,Graphic designer,Victoria,Eaton,392129,1744-1-7
FocusMan,Product designer,Ashley,Williams,45087,1791-12-1
whichnote,Seismic interpreter,Heather,Powell,18014,1791-5-18
performstudent,"Engineer, electronics",David,Wallace,137725,1659-11-9
turnseries,Press photographer,Jessica,Stephens,226151,1660-6-1
democraticdebate,Applications developer,Crystal,Johnson,3483,1716-4-16
whiteelection.,Oncologist,Jennifer,Carroll,337420,1718-1-17
modernseries,Theatre director,Kenneth,Romero,259663,1884-10-7
"wrongpass.
Interesting",Advertising copywriter,Christopher,Williams,370846,1790-1-23
producttop,"Surveyor, building control",Andrew,Rodgers,56985,1650-8-20
partytake.,"Engineer, mining",Mr.,Hughes,171843,1562-5-18
lookTalk,Land/geomatics surveyor,Patrick,Munoz,104807,1695-11-18
speaknation,Archaeologist,Juan,Martin,383898,1921-10-23
"hearTV.
Agreement","Scientist, marine",Lynn,Brown,196938,1543-6-19
presentActivity,Training and development officer,Eddie,Nguyen,59642,1864-10-6
safeFear,"Administrator, charities/voluntary organisations",Glenn,Lee,358782,1668-1-18
"million.
VisitType",Ophthalmologist,Carl,Taylor,436677,1547-10-25
findIdea,"Scientist, research (maths)",Bradley,Vance,284477,1567-2-7
agentbecause,Stage manager,Mary,Bowen,233752,1835-4-9
middle.author,"Designer, jewellery",Katherine,Ross,208608,1790-9-27
agentbecause,"Radiographer, diagnostic",Mary,Downs,48610,1956-1-10
beginprobably,Dance movement psychotherapist,Rachel,Brock,386152,1628-12-5
partytake.,"Teacher, special educational needs",Rachael,Poole,184334,1638-4-24
ask.ok,Accommodation manager,Katherine,Harrison,339940,1504-7-26
nowhand,"Therapist, occupational",David,Chapman,483895,1525-8-10
stepsix,"Librarian, public",Angelica,Jackson,194298,1832-1-13
everythingreveal,Broadcast presenter,Kristin,Rush,173901,1733-1-8
interesting.treat,Hospital doctor,Anthony,Holder,225477,1518-12-4
programlarge,Sports therapist,Jennifer,Dunn,269227,1619-2-27
Togethermovement,Community pharmacist,Katherine,Payne,211780,1656-4-5
aboutwhen.,Artist,Christopher,Silva,78863,1836-3-12
change.two,Social worker,Colleen,Mccarthy,394267,1990-1-28
aWestern,Archivist,Tiffany,Dorsey,195632,1777-2-27
rich.significant,Sub,Karina,Mendez,497315,1637-4-10
hotwalk,Tour manager,Amy,Jackson,183666,1803-9-6
FocusMan,"Physicist, medical",Michael,Cooper,334474,1853-2-12
suddenlyability,"Scientist, water quality",Jacqueline,Wong,256907,1779-12-22
Differenceadd,Regulatory affairs officer,Michael,Smith,370745,1992-7-5
until.Happen,"Psychotherapist, dance movement",Cindy,Acosta,462491,1529-9-16
safeFear,Dentist,Jason,Hurley,348558,1690-1-11
accountout.,Veterinary surgeon,Daniel,Snyder,338069,1692-1-11
voicespeak,Contractor,Erica,Henderson,355435,1697-2-23
"million.
VisitType",Equality and diversity officer,Kim,Mullen,395191,1902-10-19
"along.
Avoidbenefit","Scientist, research (medical)",Sandra,Tran,291562,1594-8-26
couldstep,Trade mark attorney,Aaron,Thompson,468201,1703-4-3
wecontinue.,Chiropractor,Elizabeth,Bowen,395839,1912-2-2
managementnews,"Engineer, aeronautical",Jill,Nguyen,296728,1933-5-10
Positionpay,Warden/ranger,Gloria,Phillips,137434,1534-3-5
Yetgeneral,"Scientist, marine",Craig,Bennett,98514,1717-3-20
yetread,Trade mark attorney,Michael,Atkins,55319,1893-10-19
least.under,Legal executive,Ricky,Reynolds,268320,1899-8-4
sufferfour,"Accountant, chartered public finance",Sabrina,Salazar,18780,1925-12-10
easyyes.,"Engineer, structural",Angel,Davis,26497,1529-8-11
bloodAdd,Airline pilot,Kristopher,Tate,391473,1617-3-13
ontohome.,Control and instrumentation engineer,John,Rodriguez,56117,1644-7-18
understandunderstand,Occupational psychologist,Yolanda,Thomas,351707,1958-7-12
TVseem,Air broker,Daniel,Lee,152769,1706-11-8
shoulder.model,"Surveyor, hydrographic",Michael,Gutierrez,166894,1807-6-8
"along.
Avoidbenefit",Special effects artist,Kimberly,Palmer,330725,1502-2-12
quiteTake,Youth worker,Brandon,Brenda,58260,1669-10-21
yetread,Community development worker,Michelle,Martinez,254752,1900-5-14
quiteTake,Energy manager,Daniel,Meyers,384092,1701-8-22
beManager,Civil Service fast streamer,Brenda,Rogers,403514,1811-5-7
publicpublic,Archivist,Anna,Moore,482067,1659-9-19
managementnews,"Engineer, structural",Lisa,Atkinson,450335,1764-2-21
EverybodyEverybody,Higher education lecturer,Brittany,Lester,162226,1910-1-6
entireunderstand,"Surveyor, building",Sarah,Bailey,301966,1699-10-19
Kindprovide,"Surveyor, quantity",Dawn,Campbell,73335,1545-5-12
whichnote,Operational researcher,Austin,Macdonald,447964,1719-7-28
churchInstitution,Ergonomist,Julie,Hunt,268268,1813-5-14
casealmost,Herbalist,Ian,Fleming,286050,1809-6-23
wrongrequire,"Therapist, occupational",Justin,Bishop,220233,1680-2-28
source.identify,Energy manager,Sandra,Welch,340962,1738-11-11
careerattorney,Associate Professor,Steven,Lopez,495401,1568-6-27
issueago,"Runner, broadcasting/film/video",Brittany,Bell,86681,1506-11-15
entirefew,Applications developer,Alexander,Lopez,277186,1979-10-13
Kindprovide,"Programme researcher, broadcasting/film/video",Shelley,Lewis,262978,1766-5-5
managementnews,Cabin crew,Virginia,Cain,499024,1563-11-2
kind.president,"Pilot, airline",Jessica,Fisher,306231,1681-5-6
whiteelection.,"Psychotherapist, dance movement",Tracy,Smith,34349,1922-4-21
ResponseTown,Television/film/video producer,Corey,Woodard,66243,1696-10-26
cameraenter,Financial manager,Nancy,Martinez,186297,1557-10-17
accountout.,"Surveyor, hydrographic",Brenda,Rocha,382425,1517-2-6
townbudget,Mudlogger,Jocelyn,Castaneda,290262,1624-9-6
MeetMind,"Engineer, chemical",Michael,Roberts,273990,2005-4-4
participantparticipant,Landscape architect,Dwayne,Esparza,119357,1519-8-2
ask.ok,Dispensing optician,Tonya,King,172773,1871-3-26
SocietyAge,Futures trader,Tiffany,Barrett,410435,1570-11-4
whatever.natural,Economist,Robert,Johnson,332896,1962-5-15
firstBar,"Psychologist, counselling",Nancy,Woods,40385,1836-1-15
Southold,Curator,Linda,Ferrell,360838,1857-4-14
memorynation,Petroleum engineer,Yvonne,Bailey,427781,1681-11-13
whatever.natural,Oceanographer,Meagan,Barnes,395385,1688-3-14
soldierfive.,Production manager,Zachary,Robertson,174905,1931-9-13
administration.thus,Archaeologist,Heather,Christensen,471136,1841-3-13
Termsound,"Producer, radio",Julie,Patterson,434470,1949-2-14
Republican.Republican.,Psychiatrist,Troy,Warren,67953,2019-4-19
Causemovement,Audiological scientist,Cody,Reed,158759,1759-6-10
police.bar,Clinical psychologist,Johnathan,Taylor,37069,1559-2-4
democraticdebate,Bookseller,Natalie,Patricia,164405,2005-6-13
situationsurface.,Firefighter,Jimmy,Martinez,111696,1557-10-7
suddenlyability,"Engineer, manufacturing",Jill,Smith,243324,1740-2-15
throwDrop,"Engineer, technical sales",Mr.,Reynolds,81392,1514-11-14
openSuddenly,IT sales professional,William,Green,106588,1703-10-17
nowhand,Patent attorney,Micheal,Bailey,42252,1923-7-10
Couldoil,"Designer, exhibition/display",Jim,Burke,217202,1761-1-17
stagemillion,Chief Executive Officer,Jane,Hammond,3818,1999-7-27
pick.throw,Commercial/residential surveyor,Mark,Smith,438158,1642-9-7
aWestern,Armed forces technical officer,Thomas,Dominguez,471134,1783-2-11
seem.policy,Chief Technology Officer,Emily,Chavez,121806,1893-11-13
Republican.Republican.,Race relations officer,Mary,White,385068,1813-10-11
budget.box,Academic librarian,Jennifer,Diaz,243755,1607-6-17
Determinemilitary,Marine scientist,Derek,Green,426820,1879-9-17
throughimagine,Data processing manager,Sharon,Thomas,403996,1681-4-27
outsidekid.,Sports administrator,Paige,Leon,244675,1767-3-19
administration.thus,IT consultant,Cristian,Harrell,27956,1860-2-24
Askapply.,Insurance broker,Pamela,Middleton,332126,1816-1-18
voicespeak,Human resources officer,Tammy,Ramirez,495828,1673-4-14
Evidenceglass,Arts administrator,Emily,Weaver,219839,1700-10-24
Measureman,Press photographer,Jennifer,Baker,122606,1855-10-8
"hearTV.
Agreement","Restaurant manager, fast food",Lisa,Levine,40724,1526-11-22
"hearTV.
Agreement",Social researcher,Heather,Stanley,470983,1634-2-28
Differenceadd,Regulatory affairs officer,Katherine,Buck,223454,1917-1-10
figure.figure.,Barrister,Ronald,Woods,412449,1777-12-28
safeFear,Hospital doctor,Maria,Baird,173379,1890-10-4
Southold,Communications engineer,Crystal,Davis,373055,1857-2-7
Blueso,Quality manager,Andrew,Wilkinson,36866,1759-6-21
put.central,Hospital doctor,Tiffany,Holloway,150816,1659-7-12
yetread,"Designer, furniture",David,Alvarado,410687,1562-8-7
Positionpay,Government social research officer,Wesley,Mills,342819,1653-5-22
kind.president,Archaeologist,Katherine,Robinson,465825,1608-6-19
Carewind,Fast food restaurant manager,Teresa,Young,130823,1641-6-22
behaviormachine,"Therapist, horticultural",Jennifer,Morris,456283,1940-3-28
childlose,Armed forces training and education officer,Katherine,Gonzales,393589,1579-6-13
EverybodyEverybody,Ranger/warden,Veronica,Williams,394796,2011-5-15
Yetgeneral,Charity officer,James,Gonzalez,443152,1657-4-4
Differenceadd,Paramedic,David,Brennan,89201,1901-3-2
interesting.treat,"Pharmacist, community",Michelle,Allen,419960,1847-6-1
"meet.
TaskAgency",Orthoptist,Caleb,Simon,415939,1857-2-23
"wrongpass.
Interesting",Technical sales engineer,Deborah,Henderson,313279,1838-2-18
kind.president,"Engineer, chemical",Joshua,Williams,342997,1934-11-25
billThan,Communications engineer,Paul,Dunlap,389633,1564-4-13
Returnspend,Visual merchandiser,Taylor,Mccoy,321310,1948-7-11
townbudget,Air traffic controller,Joseph,Bell,23015,1998-11-5
budget.box,Financial adviser,Dawn,Jones,256038,1638-8-1
giveelection,"Accountant, chartered",Carla,Jerry,207070,1979-1-10
churchInstitution,Educational psychologist,Joshua,Williams,361154,1886-10-2
situationsurface.,Learning disability nurse,Tonya,Becker,219806,1995-10-6
rich.significant,"Secretary, company",Kristin,Elliott,449403,1549-9-15
giveelection,Tax adviser,Alexandra,Ferguson,244482,1581-7-7
Evidenceglass,"Psychologist, counselling",Jennifer,Rodriguez,498262,1897-10-9
SocietyAge,Optometrist,Kimberly,Barnes,417261,1723-5-9
lookTalk,"Horticulturist, amenity",Amanda,Carter,313349,1665-1-11
MeetMind,"Nurse, mental health",Dr.,Barnett,8388,1726-10-24
qualityprovide,Youth worker,Randy,Freeman,37802,1968-2-25
Askapply.,Travel agency manager,Timothy,Dodson,466138,1542-1-26
Sendmessage,Dramatherapist,Matthew,Smith,181943,1981-5-15
Sendmessage,Chief Operating Officer,Gerald,Cruz,440975,1793-10-18
ontohome.,"Civil engineer, consulting",Mrs.,Lee,326804,1727-2-10
nearlyallow.,Curator,Stephanie,Hamilton,130452,1602-8-20
couldstep,Camera operator,Charles,Hinton,400175,1899-2-22
Evidenceglass,"Surveyor, hydrographic",Heather,Williams,13569,1776-2-25
fieldleader,"Designer, exhibition/display",Ronald,Garner,203203,1513-6-4
truthAgain,Logistics and distribution manager,Aaron,Mcdonald,470750,1691-10-16
shoulder.model,Financial adviser,David,Contreras,163474,1938-9-7
quiteTake,Location manager,Cameron,Melendez,143088,1999-6-14
openSuddenly,Estate manager/land agent,Peter,Khan,465932,1785-7-5
Measurecenter,Further education lecturer,Steven,Wilson,315417,1544-3-3
sotoday.,Public librarian,Michael,Fitzgerald,411814,1643-3-4
partytake.,Accommodation manager,Ashley,Meyer,21246,2018-1-19
firstBar,"Engineer, communications",Anthony,Rice,145701,1521-9-21
behaviormachine,Web designer,Dr.,Duncan,138201,1954-4-5
drawSpace,"Lighting technician, broadcasting/film/video",Joanna,Valdez,53983,1577-10-13
sportbase,Radio broadcast assistant,Daniel,Smith,446484,2006-9-19
findIdea,Higher education lecturer,Stephanie,Lewis,250532,1560-1-7
nearlyallow.,Sports administrator,Rachel,Schaefer,169743,1580-11-1
change.two,Recruitment consultant,David,Jackson,199700,1954-11-28
decadeskin,Early years teacher,Benjamin,Mathis,241300,1943-11-19
aboutwhen.,Occupational psychologist,Denise,Johnson,9616,1561-7-20
Measureman,Immunologist,Vicki,Robles,28603,1513-7-19
figure.figure.,Community pharmacist,Samantha,Avila,259208,1684-3-1
"groundreal.
Shake",Chartered loss adjuster,Tiffany,Torres,429312,1837-1-15
fieldleader,Agricultural engineer,Nicole,Young,252009,1860-3-21
treeterm.,Interpreter,Kelly,Miller,192687,1690-2-26
Yetgeneral,"Psychologist, sport and exercise",Taylor,Allen,405762,1664-4-27
makeon,"Accountant, chartered certified",Lisa,Dixon,377911,1647-12-2
future.Production,Actuary,Dustin,Brennan,46670,1870-9-3
least.under,"Nurse, mental health",Ashley,Gonzalez,275214,1569-3-22
stepsix,Volunteer coordinator,James,Weaver,496603,1555-7-10
"along.
Avoidbenefit","Scientist, research (physical sciences)",James,Harrell,208953,1914-10-21
Evidenceglass,Agricultural consultant,Jennifer,Bennett,407936,1764-5-12
case.enter.,"Accountant, chartered public finance",Sean,Mckay,162132,1816-3-12
figure.figure.,Music tutor,Joseph,Rodriguez,280336,1527-2-25
listquite,Cytogeneticist,Nathan,Patterson,89673,1630-8-2
bloodAdd,Local government officer,Matthew,Powell,173625,1562-4-10
"final.
Describegame.",Dentist,Carlos,Miller,289386,1546-8-8
speaknation,Financial adviser,Mark,Horne,383940,1800-6-19
findIdea,Prison officer,Rebecca,Morris,157159,1998-2-8
sotoday.,Maintenance engineer,Caitlin,Edwards,167055,1798-5-22
MeetMind,"Production assistant, radio",Sergio,Stevens,153198,1994-1-3
whichhundred.,Higher education lecturer,Hector,Gomez,364761,1823-2-14
democraticdebate,Cartographer,Sabrina,Fuller,112278,1813-3-13
turnseries,Technical author,Megan,Eaton,121877,1625-7-25
whichhundred.,"Engineer, agricultural",Kevin,Hensley,93415,1885-3-20
okok,Press photographer,Erica,Shawn,154166,1708-4-22
Togethermovement,"Surveyor, hydrographic",Mr.,Sanchez,335715,1996-2-19
budget.box,"Therapist, sports",David,Strickland,322707,1736-10-25
agencycultural.,Ambulance person,Kathy,Cooper,459210,1725-5-23
reasonAnd,Therapeutic radiographer,Andrew,Brown,414841,1572-10-6
variousprofessional,Chemical engineer,Alexis,Miller,341075,1591-12-19
whichnote,"Runner, broadcasting/film/video",James,Griffith,125897,1855-5-10
"while.
WillRise",Secondary school teacher,Catherine,Banks,127570,1539-9-14
less.room,Agricultural engineer,Melinda,Thomas,123546,1662-11-24
ontohome.,Futures trader,Jason,Carter,200901,1795-4-7
quiteTake,Fitness centre manager,Kevin,Baker,255878,1955-10-8
faceWestern,"Engineer, control and instrumentation",Jennifer,Larsen,267899,1696-5-15
Positionpay,Airline pilot,Mary,Young,21756,1636-2-1
Togethermovement,Software engineer,Holly,Burns,79624,1522-3-23
budget.box,"Engineer, manufacturing",Samantha,Allen,78675,1735-4-4
whiteelection.,Insurance underwriter,Cassandra,Warren,223373,1691-4-25
spendspend,Purchasing manager,Catherine,Parks,435975,1947-6-9
piecetheir,Personnel officer,James,Williams,63789,1540-3-13
sotoday.,Advertising account planner,Robert,Lopez,221955,1728-7-5
findIdea,Chartered accountant,Tammy,Farrell,296568,1706-3-8
Kindprovide,Textile designer,Jessica,Morales,84272,1566-3-28
faceWestern,"Accountant, chartered",Duane,Hooper,75189,1785-6-6
Treatemployee,"Teacher, primary school",Kayla,Holland,139267,2017-4-3
meetimage,Actuary,Angela,Perez,400420,1749-10-16
wrongrequire,Site engineer,Mason,David,121460,1967-8-17
understandunderstand,Financial adviser,Brittany,Johnson,291657,1889-8-23
Positionpay,"Geneticist, molecular",Megan,Dyer,257938,1823-5-27
whichnote,"Designer, blown glass/stained glass",David,Hernandez,139246,1608-8-25
childlose,Farm manager,David,Mcguire,317091,1837-3-27
Highcity.,Cartographer,Jason,Mitchell,419624,1639-5-22
savepast,Office manager,Nicholas,Williams,320880,1598-7-12
cameraenter,Field seismologist,Joshua,Lucas,278304,1633-2-15
structureCan,Curator,Christina,King,232775,1684-11-20
nowhand,Marketing executive,Sara,Espinoza,139080,1747-11-14
"hearTV.
Agreement","Restaurant manager, fast food",Jonathan,Cabrera,360317,1676-7-12
"groundreal.
Shake",Control and instrumentation engineer,Patrick,Wells,416053,1821-2-21
producttop,"Runner, broadcasting/film/video",Paul,Norman,145104,1809-4-26
spendspend,Environmental education officer,Anthony,Pierce,14070,1502-7-8
accountprobably,Special effects artist,Adam,Roberts,46399,1913-5-9
democraticdebate,Photographer,Brittany,Rice,350100,1832-6-14
change.two,"Accountant, chartered public finance",Joseph,Campos,349062,1664-8-21
bloodAdd,Illustrator,James,Sanchez,99851,1538-2-26
Evendirection,Clinical biochemist,John,Johnson,422568,1983-1-19
Positionpay,Landscape architect,Kristi,Crosby,363892,1997-6-1
plan.moment,Corporate investment banker,Ryan,Jackson,356253,1945-2-16
accountout.,Emergency planning/management officer,Matthew,Hernandez,406281,1557-7-6
ResponseTown,IT sales professional,Jorge,Velazquez,315804,1814-10-12
Carewind,Armed forces technical officer,Jacqueline,Thomas,311560,1977-8-4
understandunderstand,Fine artist,Susan,Stevenson,364904,1931-7-23
focusshe,Control and instrumentation engineer,Andrew,Simmons,223834,1613-5-2
deep.into,Hydrographic surveyor,James,Gates,134861,1573-9-17
"meet.
TaskAgency",Systems developer,Daniel,Love,246634,1641-9-15
treeterm.,Risk analyst,Richard,Stevens,149222,1956-9-20
Carewind,"Secretary, company",Valerie,Mitchell,252155,1922-11-8
anyonePerform,Equality and diversity officer,Theresa,Walker,226705,1849-5-5
rich.significant,Acupuncturist,Marc,Gutierrez,82763,1575-7-5
husbandabout,"Education officer, environmental",Olivia,Nunez,497127,1547-8-12
turnseries,Health and safety adviser,Amanda,Clark,361796,1904-11-10
source.identify,"Scientist, research (physical sciences)",Nicholas,Knight,13770,1796-12-7
issueago,Sub,Eric,Landry,360274,1864-11-13
variousprofessional,Patent examiner,Larry,Edwards,400454,1705-6-24
tradeplayer,"Civil engineer, consulting",Nancy,Roberson,486902,1834-7-11
couldstep,"Radiographer, therapeutic",Joshua,Jones,400267,1796-1-15
casealmost,"Engineer, electronics",Jack,Figueroa,110962,1539-7-6
InsteadInstead,Ship broker,Elizabeth,Pace,163826,1554-7-3
wrongrequire,Geographical information systems officer,Richard,White,408676,1875-9-19
"final.
Describegame.",Geoscientist,Paula,Rogers,23660,1841-2-26
fieldleader,Adult guidance worker,Thomas,Wall,424356,1942-8-15
prettyprobably.,"Horticulturist, amenity",Elizabeth,White,471292,1791-12-21
"offwriter.
Few","Engineer, broadcasting (operations)",Marcia,Thompson,278885,1543-9-6
qualityprovide,Rural practice surveyor,James,Simmons,293888,1510-12-17
simplyConference,Medical secretary,Brett,Campos,308391,1991-10-12
never.nor,Research scientist (life sciences),Rebecca,Morales,345389,1715-3-24
memorynation,Games developer,April,Scott,345448,1603-7-18
Southold,Insurance risk surveyor,Natalie,Forbes,111651,1565-9-13
Andperson.,"Accountant, chartered management",William,Singh,206424,1546-8-10
future.Production,Housing manager/officer,Nathan,Carr,37503,1627-1-2
Maintainmusic,Metallurgist,Jared,Lowe,45859,1990-4-26
Measurecenter,Licensed conveyancer,Eric,Harrington,97171,1749-11-18
agencycultural.,Dispensing optician,Pamela,Reilly,257453,1594-6-13
administration.thus,Clinical embryologist,Melissa,Rodriguez,243267,1718-12-4
soldierfive.,Arts development officer,Ronald,Jones,2489,1930-4-7
shoulder.model,"Optician, dispensing",Alex,Robertson,312220,2015-1-22
presentActivity,Magazine features editor,Michael,Smith,225299,1788-11-11
Termsound,Radiation protection practitioner,Taylor,Anderson,103984,1692-11-19
interesting.treat,"Horticulturist, commercial",Robert,Moore,440434,1919-6-4
whatever.natural,"Engineer, petroleum",Julia,Fox,350581,1553-9-15
modernseries,Corporate investment banker,Curtis,Pham,419607,1884-12-17
partytake.,Probation officer,Charles,Skinner,329284,1710-7-17
MeetMind,Airline pilot,Michael,Oliver,410678,1740-8-27
modernseries,Analytical chemist,Jaclyn,Hicks,488057,1943-3-25
issueago,"Surveyor, quantity",Jacob,Brown,184145,1701-8-12
variousprofessional,Magazine features editor,Steven,Logan,430818,1578-3-20
wrongrequire,Graphic designer,Kristina,Rodgers,299719,1916-6-27
decadeskin,Communications engineer,Tanya,Taylor,108615,1627-3-22
administration.thus,Music therapist,Sara,Smith,299225,1865-12-10
modernseries,"Therapist, music",Anthony,Bush,349147,1770-8-22
tradeplayer,"Engineer, manufacturing systems",Brian,Mcintyre,450734,1703-5-11
prettyprobably.,Heritage manager,Maria,Cuevas,321172,1875-1-14
understandunderstand,Forensic scientist,George,Derrick,130908,1570-4-8
entireunderstand,Network engineer,Derek,Stephens,92191,1660-5-21
mattersociety,Seismic interpreter,Wesley,Russell,89997,1760-4-25
availableNetwork,Bonds trader,Lisa,Navarro,271136,1886-8-20
trainingstudy,"Designer, multimedia",Nicholas,Keller,231323,1533-12-19
rich.significant,Paramedic,Roy,Colon,243348,1889-6-5
producttop,"Engineer, civil (consulting)",Mr.,Daniels,293629,1631-11-4
prettyprobably.,Armed forces training and education officer,Steven,Mack,312624,1914-3-10
"final.
Describegame.",Landscape architect,Matthew,Grant,341145,1790-8-18
variousprofessional,Maintenance engineer,Mario,Sharp,326018,1527-9-18
EverybodyEverybody,"Surveyor, insurance",Brenda,Adams,47073,1946-9-5
lookTalk,Broadcast journalist,Pamela,Young,181941,1552-7-26
key.memory.,Intelligence analyst,Pamela,Gilmore,404035,1969-10-25
impactguess,Furniture conservator/restorer,Cheryl,Bauer,112022,1657-9-19
prettyprobably.,Oceanographer,Jason,Barnes,240334,1630-5-12
producttop,Secondary school teacher,Luke,Mcguire,305504,2001-2-13
hotwalk,Risk manager,Robert,Turner,483468,1693-10-18
police.bar,Curator,Randy,Knight,259023,1766-1-15
kind.president,"Research officer, political party",Holly,Delgado,107850,1649-9-3
typeit,Tourist information centre manager,Robert,Nicholas,184455,1619-1-4
"million.
VisitType",Database administrator,Kelly,King,35079,1958-7-19
Southold,"Surveyor, mining",Rachel,Morse,432580,1853-8-18
childlose,Maintenance engineer,Paula,Myers,423447,1980-3-23
figure.figure.,Public relations account executive,Kevin,Buck,485055,1594-2-6
EverybodyEverybody,"Engineer, agricultural",Adam,Navarro,285072,1619-4-15
whiteelection.,Microbiologist,Sherri,Owens,66465,1713-3-16
Writeable,Careers information officer,Mark,Hardy,352289,1905-4-16
whiteelection.,"Geologist, wellsite",Shawn,Mccormick,343924,1861-3-1
thensuggest,Hydrologist,Shirley,Stewart,210784,2018-10-7
churchInstitution,Manufacturing systems engineer,Jason,Jones,495015,1868-7-28
memorynation,"Designer, graphic",Jacqueline,Christopher,202974,1504-4-9
everything.Mrs,Probation officer,Michelle,English,194674,2017-3-8
nowhand,Pensions consultant,Jacob,Stout,410846,1587-9-28
middle.author,Prison officer,Leslie,Lawrence,48720,1671-9-4
piecetheir,Data processing manager,Matthew,Berry,472942,1584-2-13
understandunderstand,Audiological scientist,Joseph,Fritz,33576,1682-3-6
bookMrs,Social researcher,Christopher,King,434179,1550-6-17
sotoday.,Veterinary surgeon,Pamela,Ashley,332521,1525-3-19
interesting.treat,Government social research officer,Kayla,Collins,277241,1810-4-17
case.enter.,"Chemist, analytical",Christopher,Collier,187523,1576-11-17
revealnice,IT consultant,Ashley,Perez,23795,1581-2-10
middle.author,Medical illustrator,Rachel,Fowler,145836,1949-6-21
Evidenceglass,Make,Stephen,Wilkerson,482210,1761-8-8
MeetMind,Cabin crew,Elizabeth,Hall,136313,1673-9-9
billThan,Chief Strategy Officer,Gordon,Turner,246787,1950-4-5
participantparticipant,Artist,Erik,Morton,218683,1763-5-19
performstudent,Clothing/textile technologist,Theresa,Payne,85540,1756-10-18
police.bar,"Production designer, theatre/television/film",James,Gibson,94375,1919-1-21
easyyes.,Financial trader,Nicolas,Booker,415714,1823-10-15
thensuggest,Clothing/textile technologist,Richard,Brown,130327,1547-3-4
bookMrs,"Designer, industrial/product",Robert,Perkins,128283,1879-6-28
Couldoil,Hydrogeologist,Anthony,Caldwell,229845,1878-7-7
Measureman,Medical illustrator,Henry,Scott,267313,1725-9-14
thoughPrice,Theatre director,Cynthia,Weber,247549,1734-11-12
Meetscientist,Film/video editor,Leonard,Wang,123548,1759-12-6
Positionpay,Exercise physiologist,Amy,Rodriguez,99342,2000-2-27
saySouthern,Ship broker,Erin,Patel,348318,1834-4-25
beginprobably,"Production assistant, television",Angela,Romero,347939,1797-4-11
Republican.Republican.,"Restaurant manager, fast food",Christopher,Clark,479069,1805-9-16
Yetgeneral,Occupational psychologist,Joshua,Beck,182806,1983-5-16
from.many,Public relations account executive,Danny,Mclean,419700,1812-9-19
treeterm.,Psychiatrist,Heather,Willis,150410,1775-2-5
managementnews,Proofreader,Dr.,Sandoval,178765,1748-1-27
nowhand,Oncologist,Sabrina,Jones,410965,1646-9-23
from.many,Photographer,Michael,Hernandez,25449,1597-10-5
fallgood.,Community pharmacist,Tiffany,Townsend,70613,1583-6-22
firstBar,Legal secretary,Dana,Johnson,19855,1940-4-24
rich.significant,Database administrator,James,Thompson,424980,1654-6-13
Evendirection,Audiological scientist,Keith,Bell,389797,1810-8-27
Untilcertainly,"Buyer, industrial",Cynthia,Wheeler,3116,1604-5-27
Systemagree,Retail banker,Donna,Mcclure,498491,1543-2-9
"meet.
TaskAgency",Herbalist,Joshua,Gibbs,353866,1776-2-3
"while.
WillRise","Engineer, technical sales",Jeffrey,Gray,429477,1958-6-15
reportsuccess,Television/film/video producer,Brandon,Miranda,492679,1510-8-27
giveelection,"Scientist, research (life sciences)",Jacob,Hughes,70950,1510-3-18
careerattorney,Research scientist (physical sciences),Tina,Hoover,44781,1686-2-2
Returnspend,Health and safety inspector,Nicholas,Jensen,166582,1920-1-15
savepast,Building control surveyor,Gary,Powell,316617,1539-3-4
clearwhen,"Surveyor, building",Matthew,Yang,172333,1762-10-24
police.bar,IT consultant,Timothy,Cox,309587,1919-11-6
FocusMan,Trade mark attorney,Raymond,Greene,146263,1856-8-13
yetread,Tree surgeon,Justin,Scott,123404,1773-9-11
partytake.,Financial trader,Aaron,Wilson,68161,1740-8-7
howeverdifferent,IT technical support officer,Melissa,Franco,388420,1660-6-28
Positionpay,"Therapist, occupational",Whitney,Park,24343,1524-8-18
faceWestern,Quality manager,Edward,Hayes,27707,1890-8-28
Sendmessage,Writer,Karina,Phillips,238385,1723-12-7
spendspend,"Geologist, engineering",Stephanie,Williams,213433,1534-4-24
raise.security,"Engineer, maintenance (IT)",Molly,Harper,219068,1679-6-17
interesting.treat,Investment analyst,Heather,Gordon,66036,1840-3-19
"meet.
TaskAgency",Commercial/residential surveyor,Rachel,Gonzales,377386,1786-5-26
agencycultural.,Armed forces training and education officer,Peggy,Baldwin,480974,1921-12-13
townbudget,"Programme researcher, broadcasting/film/video",Sandra,Foster,368372,1730-7-4
"groundreal.
Shake",Pension scheme manager,Ronald,Gilbert,247803,1729-10-8
stagemillion,"Engineer, manufacturing systems",Kelly,Bradley,254718,1651-5-13
yourselfpartner,Quality manager,Christine,Macias,33801,1770-7-20
Societyfly,"Therapist, occupational",Megan,Young,456261,1856-1-6
deep.into,Visual merchandiser,Rachel,Nguyen,388517,1547-5-17
future.Production,Environmental education officer,Melissa,Shepherd,278607,1937-6-7
simplyConference,Barista,Angela,Horn,474143,1604-12-26
key.memory.,"Administrator, local government",Matthew,Garrison,213585,1979-10-26
throughimagine,Field trials officer,Christopher,Adkins,289657,1670-11-6
plan.moment,"Physicist, medical",Katie,Parker,315709,1715-3-20
Measureman,Writer,Steven,Carter,466691,1976-4-9
listquite,Race relations officer,Erin,Patel,14193,2004-10-17
"daughtermake.
Activity","Conservation officer, historic buildings",Dr.,Benitez,27569,2001-8-19
stagemillion,Research scientist (life sciences),James,Jones,422434,1835-7-23
accountout.,Biomedical engineer,Jonathan,Rodriguez,200029,1524-3-15
"million.
VisitType",Freight forwarder,Amy,Simmons,192410,1626-7-25
researchgame,Horticultural therapist,Noah,Pearson,414479,1575-3-4
openSuddenly,Landscape architect,Mr.,Davis,343425,1762-11-9
Writeable,Health service manager,Michelle,Nguyen,386560,1882-1-2
"final.
Describegame.",Fish farm manager,Mary,Sims,59879,1604-8-17
stepsix,Technical author,Ronald,Anderson,128824,1799-1-3
MeetMind,Clinical embryologist,Albert,Daniel,105520,1955-5-21
Andperson.,"Designer, industrial/product",Shawna,Taylor,399607,1712-6-25
publicpublic,"Scientist, marine",Amy,Wilson,456835,1790-5-23
Evendirection,Risk analyst,Cory,Campbell,234953,1546-9-28
"final.
Describegame.",Data processing manager,Kathleen,Brown,478478,1661-2-17
participantparticipant,Clinical psychologist,Christopher,Newman,321459,1808-3-12
careerattorney,"Nurse, mental health",David,Johnson,407076,1704-10-16
whom.administration,Stage manager,Austin,Rose,468856,1554-11-16
thoughPrice,"Engineer, technical sales",Kevin,Morrison,196427,1622-11-19
reportsuccess,"Accountant, chartered",David,Holland,169894,1706-10-22
Yetgeneral,Barrister's clerk,Jenna,Cynthia,459661,1533-8-25
qualityprovide,Cabin crew,Dean,Lang,55617,1592-1-8
leader.third,Oceanographer,William,Walker,120026,1880-5-1
accountprobably,Primary school teacher,Elizabeth,Medina,349056,1928-1-17
put.central,Exercise physiologist,Kimberly,Smith,194139,1514-3-15
central.Newspaper,Clinical cytogeneticist,Anita,Hayes,94015,1897-11-9
Couldoil,Editorial assistant,Felicia,Holmes,330489,1808-10-28
partytake.,Radio producer,Luis,Coleman,433782,1944-5-21
TVseem,Orthoptist,Kristina,Robinson,489622,1604-10-3
plan.moment,Metallurgist,Connor,Hudson,147396,1768-7-7
sufferfour,Video editor,Ryan,Morris,36294,1881-5-16
accountprobably,Human resources officer,Susan,Hawkins,272002,1649-1-3
modernseries,Multimedia specialist,Amanda,Lindsey,67917,1519-9-2
Maintainmusic,Occupational therapist,Amy,Martinez,14775,1557-3-27
ResearchWithout,Building control surveyor,Richard,Pace,359290,1950-2-2
makeon,Field trials officer,David,Walton,419645,1560-6-28
everything.Mrs,Geoscientist,Natalie,Meadows,182809,1708-12-15
middle.author,Illustrator,Terry,Gould,393890,1734-3-13
plan.moment,Equities trader,Emily,Cole,266392,1558-9-6
treeterm.,Academic librarian,Alexandra,Simmons,49078,1573-7-14
presentActivity,Financial risk analyst,Joseph,Watkins,93196,1515-9-28
ontohome.,"Copywriter, advertising",Jesse,Wiley,218712,2007-3-12
wecontinue.,"Engineer, aeronautical",Jamie,Sanders,181109,1786-5-9
qualityprovide,Academic librarian,Lawrence,Goodman,180432,1814-4-2
revealnice,Information systems manager,Nathan,Rogers,335621,1560-9-17
safeFear,"Scientist, physiological",William,Duncan,134211,1725-12-28
reasonAnd,Licensed conveyancer,Daniel,Smith,251972,1513-3-27
piecetheir,Osteopath,Michael,James,380817,1724-10-21
Askapply.,"Civil engineer, consulting",Helen,Hanson,386623,1550-2-16
casealmost,Training and development officer,Emily,Hayes,274036,1700-7-22
truthAgain,"Librarian, public",Laura,Hill,424055,1671-12-16
case.enter.,Facilities manager,Barbara,Johns,215503,1585-3-17
whichnote,Politician's assistant,Kevin,Kennedy,237115,1891-9-20
Writeable,Media planner,Thomas,Norton,23954,1604-6-16
future.Production,Mudlogger,Eric,Walker,232725,1665-9-8
Treatemployee,Insurance risk surveyor,Richard,Lopez,428692,1636-11-21
giveelection,"Scientist, physiological",Brian,Montgomery,28508,1849-11-21
kind.president,Ophthalmologist,Gregory,Henderson,424926,1975-6-3
aWestern,"Engineer, electronics",Shawn,Alexander,179112,1828-10-5
rich.significant,Air cabin crew,Paul,Smith,147998,1611-1-26
voicespeak,Management consultant,Steven,Miranda,267506,1828-5-24
leader.third,"Doctor, hospital",Joseph,Mcmahon,452741,1752-11-9
producttop,"Engineer, chemical",Mary,Crawford,388190,1987-12-8
key.memory.,Chiropractor,Jason,King,159797,1655-2-12
aWestern,Information systems manager,Patricia,Kennedy,239629,1699-1-2
husbandabout,Educational psychologist,Beverly,Santiago,380327,1574-2-4
"million.
VisitType",Analytical chemist,James,Johnson,60776,1842-11-25
"offwriter.
Few",Dance movement psychotherapist,Peter,Graham,177583,1613-1-17
quiteTake,Manufacturing systems engineer,Carol,Jones,193835,1736-8-28
understandunderstand,"Psychotherapist, dance movement",Justin,Perry,171608,1509-9-28
nameof,Air traffic controller,Lauren,Gregory,358756,1930-2-26
thensuggest,Print production planner,Miguel,Vincent,240645,1883-1-7
beginprobably,"Surveyor, mining",Angela,Waters,96689,1983-12-14
Termsound,Geochemist,William,Beard,361256,1902-11-21
levellisten.,Industrial/product designer,Juan,Alexander,261446,1513-4-22
"million.
VisitType",Furniture designer,William,Tara,55677,1898-5-23
put.central,Economist,Tiffany,Moore,68068,1868-9-22
performstudent,Geographical information systems officer,Melissa,Zimmerman,175368,1636-3-21
participantparticipant,Data processing manager,Jonathan,George,331223,1601-9-5
bookMrs,Fine artist,Whitney,Armstrong,233779,1883-1-18
outsidekid.,"Engineer, structural",Nathan,Rodriguez,154502,1800-9-19
townbudget,Politician's assistant,Brian,Catherine,492089,1653-7-17
everythingreveal,"Programme researcher, broadcasting/film/video",Lauren,Duran,249821,1878-12-18
Carewind,"Production designer, theatre/television/film",Kenneth,Rivera,288219,1590-2-14
Positionpay,Social worker,Brian,Walter,14513,1799-7-9
faceWestern,Forensic psychologist,Robert,Scott,279591,1873-10-26
understandunderstand,Architect,Curtis,Malone,386264,1935-1-22
typeit,"Surveyor, planning and development",James,Lee,136982,1914-10-22
clearwhen,Comptroller,Kelly,John,407336,1919-2-16
yetread,Illustrator,Tracy,Perry,432372,1724-3-21
nameof,Sub,Mary,Griffin,263568,1872-1-14
Blueso,"Surveyor, land/geomatics",Heather,Walker,381657,1851-1-15
Returnspend,Agricultural engineer,Eric,Acevedo,491479,1635-6-18
fallgood.,Advertising art director,Chad,Moore,63677,1541-10-12
sportbase,Lawyer,Dale,Hansen,51397,1500-11-2
firstBar,"Scientist, research (maths)",Tammy,Williams,113619,1998-5-14
piecetheir,Theme park manager,Anthony,Bennett,105888,1841-8-11
Sendmessage,Private music teacher,Elizabeth,Russell,388207,1804-5-27
aboutwhen.,Logistics and distribution manager,Sara,Baker,484090,1957-4-22
sufferfour,Mudlogger,Valerie,Davis,153309,1776-2-10
future.Production,Adult nurse,Sally,Obrien,431240,1621-7-21
variousprofessional,Charity officer,Jason,Hickman,291507,1526-11-18
nowhand,Customer service manager,Christine,Rivera,447975,1737-3-11
Highcity.,Archivist,Keith,Garcia,216546,1936-8-8
stepsix,Secretary/administrator,William,Johnson,318651,1508-12-28
aboutwhen.,Corporate investment banker,Katherine,Benjamin,89833,2013-4-9
less.room,"Scientist, clinical (histocompatibility and immunogenetics)",Wanda,Mccoy,108132,1580-10-23
"while.
WillRise",Technical brewer,Andrew,Singleton,494125,2006-8-13
thensuggest,"Engineer, electronics",Matthew,Roberts,184280,1973-11-12
findIdea,IT sales professional,Kevin,Gibson,36810,1861-9-27
Yetgeneral,Advertising art director,Mark,Oliver,65897,1556-5-25
Systemagree,Investment analyst,Robert,Serrano,289487,1524-8-26
trainingstudy,Careers information officer,Alejandra,Jenkins,155105,1671-3-2
lookTalk,"Surveyor, land/geomatics",Julian,Carter,467011,1873-6-16
throughoutknow,"Therapist, music",Karen,Morris,142616,1931-1-17
treeterm.,Chief Financial Officer,Victoria,Matthews,20661,1929-1-6
bookMrs,Armed forces operational officer,Andrew,Best,493047,1564-8-4
Causemovement,Ecologist,Kirsten,Thomas,176681,1876-7-22
suddenlyserious,Trade mark attorney,David,Mitchell,221772,1544-4-19
shoulder.model,"Engineer, building services",Vincent,Andrews,163431,1743-4-11
rich.significant,Management consultant,Aaron,Gonzales,296568,1989-12-7
less.room,Copy,Christopher,Frank,408520,1864-9-1
clearwhen,Geoscientist,Andrea,Russo,73260,1862-8-12
EverybodyEverybody,Energy engineer,Scott,Clark,119616,1696-6-14
Differenceadd,"Accountant, chartered",Gregory,Hernandez,258703,1763-7-12
put.central,Logistics and distribution manager,Robert,Crawford,315114,1792-9-16
thensuggest,Exercise physiologist,Tammy,Stone,352167,1520-2-16
followlive,"Engineer, automotive",Carla,Reese,263269,1960-4-16
ResearchWithout,Secondary school teacher,Jeremy,Mckinney,364377,1950-6-22
thensuggest,"Teacher, secondary school",Lori,Richardson,202394,1792-10-9
reasonAnd,Film/video editor,Stephanie,Russell,307472,1923-10-6
Determinemilitary,Commercial/residential surveyor,Bobby,Arnold,244540,1950-12-1
until.Happen,Make,James,Watson,186839,1591-9-20
soldierfive.,Podiatrist,Timothy,Banks,439103,1879-1-2
prettyprobably.,"Programme researcher, broadcasting/film/video",Douglas,Nguyen,146186,1982-11-7
bookMrs,"Teacher, music",Brian,Berry,6682,1532-7-5
Positionpay,Video editor,Sheila,Smith,295492,1669-8-6
joindrug,Clinical psychologist,Dana,Smith,300648,1773-2-22
administration.thus,Exercise physiologist,John,Maddox,378841,1998-12-3
central.Newspaper,"Pharmacist, community",Cheryl,Michael,273432,1670-2-4
quiteTake,Professor Emeritus,Mrs.,Brooks,417885,1870-7-21
giveelection,Interior and spatial designer,Mark,Morris,493032,1764-5-13
quiteTake,Field seismologist,Barry,Gardner,17078,1533-7-15
MeetMind,Minerals surveyor,Susan,Thompson,65011,1877-1-22
leadlead,Ranger/warden,Samuel,Hill,389597,1573-6-28
townbudget,Graphic designer,Sue,Kelly,108826,1500-9-15
aWestern,Ranger/warden,Melissa,Duffy,389510,1515-5-22
yetread,Dealer,Robert,Baxter,283534,1536-11-24
Southold,Tax adviser,Amy,Harris,326757,1550-9-21
fallgood.,Higher education careers adviser,Ashley,Green,488651,1972-8-6
availableNetwork,Public relations account executive,Jennifer,Gutierrez,100755,1825-11-12
producttop,Horticultural consultant,Aaron,Nelson,239232,1509-12-25
Sendmessage,International aid/development worker,Samantha,Harris,357577,1756-5-15
Termsound,Copy,Damon,Perez,76014,2020-1-13
key.memory.,"Physicist, medical",Natasha,Ochoa,27316,1816-7-22
Societyfly,Magazine features editor,Michelle,Morgan,461235,1910-5-8
leadlead,Advertising account planner,Angela,Reed,462097,1548-10-28
wecontinue.,"Nurse, mental health",Jennifer,Moon,304592,1794-5-1
from.many,"Radiographer, diagnostic",Michael,Frazier,489089,1620-4-1
televisionman,"Surveyor, rural practice",Patricia,Perkins,282321,1574-2-21
firstBar,Radiation protection practitioner,April,Evans,12797,1756-10-7
drawSpace,"Engineer, automotive",Mr.,Robinson,159736,1780-6-8
childlose,Chief Financial Officer,Heather,Warner,290414,1953-11-18
managementnews,"Administrator, sports",Anthony,Montgomery,336718,1550-12-7
entirefew,Museum/gallery exhibitions officer,Pamela,Bowman,216765,1725-1-16
suddenlyserious,Company secretary,Cheryl,Rangel,469390,1725-5-19
thoughPrice,Heritage manager,Cheryl,Anderson,230441,1881-12-19
ontohome.,"Pharmacist, hospital",Jonathan,Collins,353009,1791-11-17
pass.our,Further education lecturer,Kim,Davis,100552,1672-6-26
cameraenter,Community arts worker,Jessica,Dawson,409984,1964-12-9
never.nor,Production manager,Robert,Clark,13404,1907-11-22
drawSpace,Building services engineer,Beth,Crawford,421262,1519-8-18
programlarge,Corporate investment banker,Gloria,Henry,91771,1824-12-27
sportbase,Adult nurse,Anna,Henderson,396731,1854-12-19
managementnews,Industrial buyer,Christopher,Mark,341291,1677-9-26
sportbase,Air cabin crew,Patrick,Miller,117030,1731-11-20
safeFear,Insurance risk surveyor,Janet,Moore,100016,1599-7-4
outsidekid.,Chief Marketing Officer,Dr.,Duke,449626,1586-6-6
pick.throw,Health visitor,Stephanie,Holland,439518,1995-4-18
qualityprovide,Multimedia programmer,Jordan,Garcia,371956,1564-8-19
nearlyallow.,"Teacher, primary school",Tricia,Hernandez,136528,1765-5-12
whiteelection.,"Scientist, research (physical sciences)",Amy,Cox,356720,1809-8-25
childlose,"Scientist, physiological",Allen,Ayala,374606,1502-1-12
administration.thus,Health and safety adviser,Eric,Bates,456066,1654-3-17
Couldoil,Learning disability nurse,Joshua,Griffin,137133,1818-12-3
accountout.,"Engineer, structural",Shelley,Calhoun,192288,2009-3-2
Carewind,Community arts worker,Nicole,Diaz,329866,1773-7-7
piecetheir,Homeopath,Jennifer,Campos,135211,1584-7-8
levellisten.,"Teacher, primary school",Erica,Stokes,345888,1594-3-23
reportsuccess,"Administrator, sports",Monique,Marshall,396638,1505-1-16
availableNetwork,Technical author,Debra,Perkins,352700,1838-1-6
"meet.
TaskAgency",Agricultural consultant,Walter,Evans,281894,1991-3-21
easyyes.,"Psychologist, occupational",Ann,Brown,281666,1598-9-11
InsteadInstead,Charity fundraiser,Sheri,Young,393644,2011-4-22
Measurecenter,Art therapist,John,Baxter,481241,1930-12-27
"final.
Describegame.",Lawyer,Fred,Johns,150324,1980-12-17
stagemillion,Youth worker,Albert,Sellers,427106,1877-8-14
"along.
Avoidbenefit",Metallurgist,Abigail,Caldwell,153562,1575-12-17
middle.author,"Editor, commissioning",Kimberly,Smith,311065,1510-12-8
accountprobably,"Designer, exhibition/display",Erica,Velez,328148,1926-4-6
easyyes.,Music tutor,Dr.,Mitchell,347414,1720-4-14
nightsound,Operational investment banker,Heather,Sandoval,74613,1747-10-15
key.memory.,Adult guidance worker,Bradley,Jordan,114529,1987-9-18
faceWestern,"Social research officer, government",Christina,Kelly,169650,1733-1-1
suddenlyability,Legal secretary,Erin,Keith,6233,1556-7-19
"offwriter.
Few",Tax inspector,Brian,Hall,457449,1538-3-20
Untilcertainly,Call centre manager,Roy,Lambert,164675,1696-9-21
wrongrequire,Health visitor,Mary,Alexander,244401,2016-11-23
Togethermovement,Radio producer,Joseph,Nash,218048,1578-1-2
Sendmessage,Health visitor,Christina,Woods,335178,1858-7-8
thoughPrice,Risk manager,Lindsey,Robinson,467794,1868-3-4
programlarge,"Engineer, automotive",Justin,Phillips,7052,1981-12-12
piecetheir,Astronomer,Matthew,Ali,150718,1628-3-15
Andperson.,Call centre manager,Christian,Howell,1433,1794-11-19
stepsix,"Engineer, automotive",Heather,Freeman,382638,1698-3-2
safeFear,Information systems manager,Angela,Spencer,65349,1645-12-7
turnseries,Chartered legal executive (England and Wales),Christopher,Taylor,393428,1624-5-22
participantparticipant,Management consultant,Christie,Nguyen,439221,1969-1-23
Positionpay,Armed forces training and education officer,Beth,Coleman,484597,1755-5-11
townbudget,Special effects artist,Jorge,Chung,96555,1828-6-16
Highcity.,Equities trader,Travis,Bond,15222,1669-11-15
officesecurity,Financial trader,Alexis,Lindsey,298930,1696-7-1
impactguess,Financial trader,Sara,Zamora,283916,1537-1-26
Highcity.,Clinical embryologist,Jennifer,Smith,238673,1686-6-2
performstudent,Educational psychologist,Ebony,Morrison,410885,1758-4-2
middle.author,Clinical molecular geneticist,Joel,Contreras,79910,1781-9-22
yourselfpartner,"Geneticist, molecular",Megan,Ibarra,300105,2004-1-25
Sendmessage,"Exhibitions officer, museum/gallery",Melissa,Fischer,334579,1683-10-19
Determinemilitary,Sales executive,Joyce,Matthews,469533,1521-9-6
Termsound,"Scientist, physiological",Brenda,Olsen,255869,1550-8-12
programlarge,Multimedia programmer,Kara,Kimberly,140504,1868-2-8
entireunderstand,"Designer, furniture",Melanie,Jones,288532,1638-1-6
modernseries,"Accountant, chartered management",Kathleen,Barrera,2798,1860-1-25
makeon,"Therapist, horticultural",Robert,Andrews,349841,1739-2-21
truthAgain,Social researcher,Matthew,Morgan,62381,1593-12-10
"wrongpass.
Interesting",Bonds trader,Jacob,Hendricks,375242,1805-11-15
"final.
Describegame.","Buyer, industrial",Aaron,Elliott,490633,1753-6-5
savepast,Professor Emeritus,Regina,Turner,411137,1647-5-24
interesting.treat,Medical sales representative,Rebecca,Cline,480509,1771-8-12
suddenlyability,Secondary school teacher,Amanda,Monroe,471133,1664-6-12
police.bar,Physiotherapist,Rebecca,Myers,202852,1522-3-14
managementnews,Animator,Andrew,Bishop,75226,1570-5-1
leader.third,Social researcher,Gabriel,Jenkins,58689,1676-7-14
budget.box,Occupational psychologist,Mr.,Chapman,489890,1950-1-23
Yetgeneral,"Editor, commissioning",Michael,Hunter,124866,1662-4-19
source.identify,"Engineer, structural",Christina,Gutierrez,127872,1649-9-18
availableNetwork,Occupational psychologist,Sean,Mann,221910,1810-5-6
issueago,Education administrator,Elizabeth,Thompson,199298,1972-11-26
"along.
Avoidbenefit",Location manager,Lauren,Keller,13030,1561-5-8
childlose,Intelligence analyst,Michael,Gamble,131721,1672-9-2
couldstep,"Therapist, drama",Dylan,Smith,47159,1806-7-13
clearwhen,Youth worker,Erica,Morales,318335,1691-9-11
yetread,Audiological scientist,Jonathan,Townsend,66148,2002-9-23
stagemillion,Site engineer,Amber,English,368146,1684-4-24
police.bar,Restaurant manager,Sarah,Adams,334558,1944-6-20
townbudget,"Engineer, petroleum",Rachel,Massey,177306,1581-4-3
beginprobably,Actuary,John,Walker,73623,1992-10-17
whichhundred.,Armed forces operational officer,Jason,Stewart,456313,2011-12-25
lookTalk,"Psychologist, clinical",Angela,Smith,92314,1584-1-11
reportsuccess,Trade union research officer,Jason,Williams,316530,1861-1-3
"offwriter.
Few",Publishing rights manager,Holly,Melton,401872,1967-6-3
sufferfour,Music tutor,Taylor,Hall,330268,1875-5-16
bookMrs,Conference centre manager,Christina,Turner,202461,2019-11-27
change.two,"Biochemist, clinical",William,Williams,337323,1733-10-23
EverybodyEverybody,Travel agency manager,William,Long,400779,1559-10-12
presentActivity,Pensions consultant,Raymond,Ramirez,68918,1787-2-28
makeon,Logistics and distribution manager,Gregory,Vazquez,81515,2010-9-24
"hearTV.
Agreement",Theatre stage manager,Sara,White,31238,1620-12-28
agencycultural.,Software engineer,Alexis,Arnold,475843,1968-5-17
sportbase,Conference centre manager,Mary,Cervantes,311804,1659-4-16
soldierfive.,Ship broker,Mark,Gutierrez,418241,1832-11-1
until.Happen,Pharmacologist,William,Barber,479709,1937-5-24
tradeplayer,Private music teacher,Cody,Walters,259739,1906-2-3
sufferfour,Chartered accountant,Michael,Suarez,430106,1853-5-15
televisionman,"Scientist, clinical (histocompatibility and immunogenetics)",Lisa,Burke,146960,1526-11-17
behaviormachine,Meteorologist,Jim,Bryant,496835,1699-6-6
Positionpay,Ergonomist,Edward,Alvarez,295704,1846-6-16
outsidekid.,Sports coach,Sarah,Hunt,16918,1765-10-23
rich.significant,"Conservation officer, historic buildings",Danielle,Cohen,150674,1518-4-12
situationsurface.,Field seismologist,Nancy,Li,360846,1566-10-22
safeFear,Stage manager,Anthony,Collins,63886,2008-7-7
everythingreveal,Secretary/administrator,Mrs.,Williams,243995,1751-2-22
accountprobably,Technical brewer,Eric,Wheeler,135717,1982-2-11
researchgame,Ship broker,Robin,Reese,248022,1630-6-16
Sendmessage,Environmental education officer,Nichole,White,443701,1974-1-25
budget.box,Acupuncturist,Johnathan,Hernandez,247889,1770-11-17
childlose,"Surveyor, minerals",Wayne,Perez,125982,1551-11-9
safeFear,Volunteer coordinator,Deborah,Rivera,402915,1549-1-1
howeverdifferent,Clinical embryologist,Patricia,Smith,448163,1527-2-17
issueago,"Conservation officer, historic buildings",Michael,Martinez,263589,1594-6-23
focusshe,Charity fundraiser,Michelle,Lopez,452927,1798-9-28
whom.administration,"Conservation officer, nature",Jennifer,Griffin,198335,2013-8-7
"offwriter.
Few",Cabin crew,Cory,Sandoval,51788,1913-12-11
key.memory.,Ecologist,Lauren,Frederick,105809,1721-8-23
Couldoil,"Physicist, medical",Jessica,Young,78025,1993-2-28
presentActivity,Arts development officer,Sean,Cain,328431,1978-9-14
seem.policy,"Administrator, sports",Ricky,Collins,163361,1671-7-18
future.Production,Facilities manager,Marcus,Hall,368157,1684-6-25
leadlead,Teaching laboratory technician,Jay,Sullivan,483859,1658-4-10
whom.administration,"Secretary, company",Ronald,Jackson,364723,1773-3-14
childlose,Podiatrist,Alexander,Salazar,34297,1713-1-5
drawSpace,"Surveyor, hydrographic",Danny,Johnson,19522,1807-3-7
reportsuccess,Probation officer,Brian,Watson,405741,1612-6-1
findIdea,Chartered public finance accountant,Nathan,Moore,98247,1569-11-12
less.room,Licensed conveyancer,Charles,Sanchez,497083,1575-4-8
suddenlyserious,Fish farm manager,Tammy,Miller,189527,1890-5-5
kind.president,"Scientist, marine",Nicole,Stewart,467983,1654-10-16
"final.
Describegame.",Television camera operator,Stacy,Dunn,119654,1898-1-20
Causemovement,Location manager,James,Gray,134263,1871-2-1
ResponseTown,Music tutor,Dalton,Huynh,155672,1554-3-5
mattersociety,Clinical cytogeneticist,Regina,Williams,142177,1906-7-28
reasonAnd,Immunologist,Amanda,Frank,433200,1764-1-6
nearlyallow.,"Lighting technician, broadcasting/film/video",Levi,Love,10307,1574-12-3
accountout.,Cabin crew,Michael,Washington,191517,1858-7-6
speaknation,Chief Executive Officer,Ms.,Preston,219351,1846-12-26
savepast,Estate agent,Christina,Rodriguez,116991,1853-3-3
source.identify,Sports administrator,Jeffrey,Hicks,237444,1573-11-6
Evidenceglass,Legal secretary,Margaret,Cummings,449957,1830-6-16
spendspend,"Therapist, drama",Teresa,Thompson,344127,1983-10-10
Blueso,"Engineer, technical sales",Kevin,Terry,112280,1660-8-28
ResearchWithout,Network engineer,Adam,Walker,115783,1924-1-15
"meet.
TaskAgency",Ophthalmologist,Devin,Davis,12544,1935-11-13
Untilcertainly,Warden/ranger,Matthew,Randall,301261,1538-2-1
interesting.treat,Building services engineer,James,Murphy,286051,1959-5-23
spendspend,"Programmer, applications",Sandra,Russo,154143,1576-10-8
quiteTake,Systems analyst,Olivia,Ballard,63167,1576-9-21
Measurecenter,Research scientist (maths),Audrey,Matthews,277026,1587-9-23
ontohome.,Dentist,Mark,Davidson,162636,1841-7-20
Highcity.,Radiation protection practitioner,Danny,Terrell,454496,1688-2-16
Maintainmusic,"Education officer, environmental",Danielle,Hernandez,219502,2012-7-2
agentbecause,Technical author,Emily,Dorsey,264885,1711-6-8
less.room,Dramatherapist,Jonathan,Miller,99513,1764-5-12
wrongrequire,Health promotion specialist,Rachel,Knox,283634,1633-8-24
drawSpace,Proofreader,Rachel,Morgan,336197,1515-6-11
Theoryresource,Advertising copywriter,Virginia,Mcmillan,9242,1825-12-10
SocietyAge,"Administrator, local government",Dennis,Bond,396387,1714-8-10
"along.
Avoidbenefit","Scientist, clinical (histocompatibility and immunogenetics)",Spencer,Meadows,349542,1755-10-22
reportsuccess,Operational researcher,Christine,Wilkins,407199,1963-3-9
fieldleader,"Engineer, aeronautical",Rachel,Adams,110052,1528-8-4
TVseem,Proofreader,Melissa,Garcia,12379,1646-9-2
Couldoil,Materials engineer,Kenneth,Arnold,38979,1736-4-23
levellisten.,Commercial horticulturist,Jennifer,Ramirez,31046,1589-9-1
nowhand,Insurance risk surveyor,William,Liu,47252,1817-2-3
leadlead,"Chemist, analytical",Michele,Joshua,167358,1889-9-9
TVseem,"Administrator, charities/voluntary organisations",Alice,Perkins,315549,1832-6-6
Yetgeneral,Technical author,Juan,Chavez,368593,2007-6-5
cameraenter,"Designer, graphic",Jeffrey,Dodson,298694,1567-3-10
Evendirection,"Designer, jewellery",Casey,Harrison,279986,1763-5-27
programlarge,Veterinary surgeon,Becky,Andrews,73621,1842-7-15
memorynation,Airline pilot,Patrick,Bailey,366607,1873-5-11
husbandabout,Environmental education officer,Terri,John,368616,1832-7-13
budget.box,Telecommunications researcher,Robert,Turner,347388,2002-6-24
aWestern,Curator,Manuel,Flynn,476981,1635-9-26
decadeskin,"Administrator, sports",Courtney,Cardenas,424668,1578-3-27
researchgame,Health service manager,Felicia,Burke,299834,1573-3-26
husbandabout,Claims inspector/assessor,Donna,Williams,404858,1784-1-22
agencycultural.,Oceanographer,Alexandra,Wilson,117431,1734-9-22
everything.Mrs,"Engineer, building services",Dr.,Jones,72935,1528-3-5
whichhundred.,"Engineer, building services",Lisa,Solis,197776,1922-7-25
whichnote,"Administrator, charities/voluntary organisations",Rebecca,Mcclure,399978,1915-9-2
TVseem,Community arts worker,David,Lopez,99122,1953-4-28
forcearea.,Health visitor,Tracey,Frye,392917,1628-4-19
savepast,"Chemist, analytical",Benjamin,Mitchell,475031,1662-5-16
managementnews,"Programmer, applications",Deanna,Nelson,252526,2014-2-18
figure.figure.,"Chemist, analytical",Alexis,Miller,75003,1537-4-27
nearlyallow.,"Exhibitions officer, museum/gallery",Mr.,Hernandez,169386,1682-9-25
Evidenceglass,Information officer,Frank,Jimenez,307841,2008-8-17
put.central,Product designer,Ariel,Hopkins,115224,2015-12-22
performstudent,"Engineer, electronics",Pamela,Collins,291199,1834-5-27
Kindstop,"Engineer, petroleum",Philip,Harper,461639,1949-12-22
speaknation,Orthoptist,Brian,Matthews,279306,1913-7-15
until.Happen,Social worker,Scott,Gutierrez,191277,1895-7-23
throughoutknow,"Research officer, political party",Jessica,Patel,129444,1724-12-24
ask.ok,Therapeutic radiographer,Bobby,Reyes,19059,1920-3-24
reasonAnd,Airline pilot,George,Douglas,389312,1693-4-2
publicpublic,"Surveyor, minerals",Judith,Brown,389110,1928-8-12
behaviormachine,Civil Service administrator,Benjamin,Palmer,115199,1577-1-10
InsteadInstead,Marine scientist,Dr.,Monroe,413530,1625-8-12
