Arrival_date,Departure_Date,Products_cost,Departure_Place,Arrival_Place
1575-8-28,1575-3-1,5733258,makeon,str. clearly.trade
1508-4-6,1508-3-9,173927,Measurecenter,str. despite.loss
1814-3-26,1814-2-9,22514226,FocusMan,str. mouthmodel
1614-4-10,1614-1-1,26621889,ask.ok,str. networknetwork
1982-7-22,1982-2-2,27629948,agentbecause,str. evenstation
1555-8-6,1555-7-6,33506813,firstBar,str. voicesend
1652-7-22,1652-3-4,84107141,meetimage,str. withinincrease
1855-9-20,1855-3-1,43663189,Treatemployee,str. peacefirm
1743-11-21,1743-5-17,73915864,officesecurity,str. Developmentdream
1947-6-24,1947-6-22,25766926,Theoryresource,str. Democratpass.
1937-12-14,1937-11-16,84497165,saySouthern,str. turnthat
1897-2-17,1897-1-19,18081802,ontohome.,str. attorneySocial
1534-12-17,1534-8-18,40267852,yourselfpartner,str. shoulderopen
1700-11-7,1700-4-20,98164419,howeverdifferent,str. wouldprofessional.
1665-9-1,1665-3-24,56959322,performstudent,str. bluekey
1854-11-22,1854-7-18,69678142,hotwalk,str. agoago
1974-9-15,1974-9-14,14348622,never.nor,str. treatpaper
1951-8-15,1951-4-13,46294529,yourselfpartner,str. four.Energy
1962-10-11,1962-7-5,5717303,childlose,str. expertlaw
1968-9-26,1968-6-24,63616779,"along.
Avoidbenefit",str. theireducation
1978-5-9,1978-3-23,88784406,nowhand,str. hehand
1947-1-18,1947-1-17,99865034,situationsurface.,str. mouthmodel
1686-12-11,1686-1-6,19104444,methodCatch,str. billclearly
1515-10-8,1515-5-17,54102974,throughoutknow,str. Developmentdream
1859-10-11,1859-1-24,41087766,thensuggest,str. rightattack
1828-11-17,1828-7-8,60525769,seem.policy,str. representmoney
1556-10-13,1556-4-2,32940088,churchInstitution,str. totaltotal
1941-9-12,1941-5-6,52748009,MeetMind,str. weightadmit
1524-11-15,1524-9-4,7810745,joindrug,str. scoreprogram.
1733-10-17,1733-4-11,37636130,spendspend,str. detailDevelopment
1773-12-5,1773-12-4,61043386,turnseries,str. changechange
1883-7-20,1883-1-13,9875839,nameof,str. pattern.hand
1732-8-9,1732-1-1,82326603,InsteadInstead,str. charge.approach
1911-9-6,1911-2-10,69118559,pass.our,str. MachineMachine
1563-12-3,1563-3-26,33268272,aboutwhen.,str. voiceaudience
1701-11-19,1701-2-3,74020138,MeetMind,str. dealinternational
1587-11-17,1587-6-2,8484441,soldierfive.,str. responsewill.
1521-7-11,1521-1-2,9773270,change.two,str. thateight
1576-4-19,1576-4-11,49600378,televisionman,str. tonews.
1603-6-26,1603-4-25,43597060,pick.throw,str. middlefind
1528-6-10,1528-3-9,23756583,Blueso,str. billionyard.
1539-12-4,1539-2-24,57958179,mattersociety,str. Bigwar
1745-12-24,1745-6-24,98302632,change.two,str. Finishwhatever
1533-12-21,1533-5-24,65532043,Systemagree,str. successact
1678-7-3,1678-6-11,24181079,"along.
Avoidbenefit",str. followmoney.
1959-7-5,1959-2-15,22421819,partyvoice,str. himGround
1903-2-23,1903-2-11,38989526,followlive,str. politics.area
1737-12-17,1737-2-13,20703289,memorynation,str. letstep
1920-9-16,1920-7-18,13963758,aboutwhen.,str. pushoil
1641-4-12,1641-4-5,3075008,saySouthern,str. songeneral
1651-8-15,1651-2-2,18819680,bookMrs,str. stagejust
1563-7-10,1563-1-9,86074134,pass.our,str. siteAssume
1788-12-6,1788-3-26,30620962,publicpublic,str. peoplemachine
1622-5-17,1622-1-5,84454455,simplyConference,str. industryour.
1763-7-5,1763-2-4,67045745,leader.third,str. careerpeace
1584-11-6,1584-9-14,92582824,firstBar,str. badstyle
1585-9-13,1585-3-17,13094325,listquite,str. catchparticular.
1632-9-15,1632-8-22,46679528,Untilcertainly,str. Agreementdirection
2001-8-22,2001-7-7,81070258,Southold,str. productherself
1905-9-18,1905-2-4,21773776,SocietyAge,str. Citizenmilitary
1974-9-20,1974-8-14,85706941,clearwhen,str. richoffice
1501-12-21,1501-1-26,80001131,Termsound,str. growwould
1790-9-27,1790-1-5,54686075,researchgame,str. languageAcross
1960-4-17,1960-2-23,40344093,everything.Mrs,str. listendeep
1591-8-9,1591-7-19,23613583,participantparticipant,str. speech.actually
1539-1-6,1539-1-1,66537245,wrongrequire,str. ActivityGuy
1514-9-21,1514-2-6,94849982,focusshe,str. justhave
1665-6-8,1665-1-4,85659576,"while.
WillRise",str. industryour.
1843-6-8,1843-3-16,93244339,townbudget,str. standardask
1541-8-26,1541-8-4,43431474,impactguess,str. reach.scene
1672-7-1,1672-1-19,34259985,bookMrs,str. shoulderwithout
1716-12-25,1716-9-11,59283314,pass.our,str. soso
1891-6-23,1891-6-4,78720129,forcearea.,str. callsport
1622-12-7,1622-2-8,18749311,Returnspend,str. eastsituation
1903-12-10,1903-4-27,87120151,safeFear,str. teamleast
1895-10-25,1895-9-27,36329233,nameof,str. centernews.
1860-7-26,1860-4-4,5892175,behaviormachine,str. Sinceaccording
1742-1-23,1742-1-5,45720767,Askapply.,str. study.end.
1641-12-4,1641-3-16,23789885,accountprobably,str. believe.realize
1547-6-2,1547-1-14,67725903,savepast,str. staffwell
1554-11-8,1554-4-26,71904113,variousprofessional,str. managestock
1558-4-7,1558-2-8,57504707,"along.
Avoidbenefit",str. pull.nature
2009-12-19,2009-6-16,94858881,throwDrop,str. newspapercourse.
1922-3-24,1922-3-23,94673218,Yetgeneral,"str. seekuse.
Their"
1608-7-15,1608-6-27,63325179,Askapply.,str. networkbegin
1598-12-20,1598-9-4,1663508,Treatemployee,str. pull.nature
1872-9-13,1872-6-27,11201349,Determinemilitary,str. todaygroup
1879-10-22,1879-1-4,56340586,reasonAnd,str. weightadmit
1821-11-21,1821-10-15,73495481,thoughPrice,str. machinemany.
1734-12-26,1734-11-7,19206637,whatever.natural,str. workwork
1784-7-15,1784-2-19,22914056,"while.
WillRise",str. breakservice
1994-5-20,1994-4-16,45433595,Evidenceglass,str. anything.late
1814-4-13,1814-1-17,21680131,Republican.Republican.,str. cut.employee
1804-8-15,1804-2-27,70264255,thensuggest,str. Headbetter
1642-12-18,1642-12-3,65542861,meetimage,str. caresubject
1751-5-6,1751-2-5,93254624,producttop,str. standardask
1737-1-24,1737-1-23,15345948,"while.
WillRise",str. wecouple
1598-9-1,1598-6-23,50592861,hotwalk,str. relationship.drive
1880-4-21,1880-2-15,14678369,drawSpace,str. buysurface
1555-4-23,1555-4-15,72850761,everything.Mrs,str. howprove
1574-7-22,1574-2-3,38041756,reasonAnd,str. Hairfoot.
1944-7-15,1944-2-24,45755397,revealnice,str. mediapartner
1636-10-17,1636-3-18,71193470,Measurecenter,str. partprotect
2002-12-28,2002-4-1,9587940,Systemagree,str. worrysecond
1989-3-21,1989-2-22,93083522,cameraenter,str. lawyerspace
1763-8-25,1763-1-2,43054592,wecontinue.,str. placealone.
1709-4-20,1709-2-1,52232201,firstBar,str. longNational
1925-6-7,1925-1-13,67601247,careerattorney,str. rangeSocial
1747-7-17,1747-6-9,65265401,findIdea,str. getleave
1928-6-18,1928-1-27,47799448,thoughPrice,str. Lowsix
1508-12-12,1508-3-27,44745312,careerattorney,str. votefund
1909-3-17,1909-2-5,75591452,structureCan,str. agoover
1987-6-16,1987-3-20,60241834,entirefew,str. controlcareer
1678-8-10,1678-7-28,34221730,performstudent,str. songanswer
1551-11-4,1551-6-6,97480256,forcearea.,str. environmentaltelevision.
1738-8-10,1738-7-8,77738935,clearwhen,str. babyenergy
1795-11-6,1795-4-13,47354851,throughoutknow,str. attentionimagine
1756-7-23,1756-2-25,60934012,revealnice,str. wide.box
1932-6-21,1932-5-24,56980525,pick.throw,str. responseMiss
1933-8-8,1933-3-25,20409282,anyonePerform,str. test.option
1636-12-3,1636-7-7,69935598,Couldoil,str. enterShake
1770-8-20,1770-8-13,7927982,drawSpace,str. understandmorning
1676-7-18,1676-4-19,14538332,tradeplayer,str. successfuldiscuss
1604-12-9,1604-2-7,98032247,FocusMan,str. marketPicture
1511-12-16,1511-10-13,28540517,programlarge,str. rulestage
1906-12-7,1906-1-23,78984066,figure.figure.,str. economySuddenly
1508-4-2,1508-2-3,51829416,nameof,str. savelanguage
1972-5-12,1972-3-21,18716086,InsteadInstead,str. mytoo
1510-6-23,1510-2-6,35263787,participantparticipant,str. bothService
1566-5-6,1566-1-6,8328660,Republican.Republican.,str. thenprevent.
1694-8-21,1694-3-20,2021620,Republican.Republican.,str. thenprevent.
1883-12-10,1883-4-4,29836630,Evidenceglass,"str. seekuse.
Their"
1652-11-15,1652-2-26,40729752,casealmost,str. chancenext
1829-7-18,1829-4-8,59683417,case.enter.,str. callsport
1822-12-18,1822-4-7,12399157,less.room,str. Ruleahead
1830-3-10,1830-1-4,19264203,couldstep,str. arguepast.
1668-12-10,1668-11-4,35453973,fieldleader,str. MachineMachine
1701-11-8,1701-2-25,87066922,hotwalk,str. sitCentral
1959-6-15,1959-1-13,82858382,leader.third,str. Mrs.become
1912-10-13,1912-8-20,98345053,bloodAdd,str. arm.serious
1604-8-22,1604-4-13,31056240,rich.significant,"str. Asside.
Near"
2007-1-6,2007-1-3,4363621,kind.president,str. Realimprove
1884-4-8,1884-2-21,864267,bookMrs,str. keepList
1909-11-19,1909-5-26,18494939,firstBar,str. daughterturn
1535-12-6,1535-1-17,25521132,nearlyallow.,str. mention.country.
1717-12-16,1717-8-3,10120322,structureCan,str. humanlast
1632-11-17,1632-9-12,37313757,deep.into,str. keyappear.
1859-9-14,1859-2-25,94071717,ontohome.,str. finallyaddress
1801-4-9,1801-1-11,30015988,whichhundred.,"str. bothcan.
Stand"
1829-10-22,1829-5-14,96846360,rich.significant,str. room.travel
1716-9-26,1716-1-17,59654750,Carewind,str. whomwhom
1688-7-28,1688-6-7,25141314,structureCan,str. propertydifficult
2017-12-19,2017-2-6,73910920,Untilcertainly,str. wonderdifficult
2012-10-19,2012-5-12,26266809,tradeplayer,str. after.forget
1705-9-7,1705-1-27,10630188,ResearchWithout,str. organizationbusiness
1695-8-5,1695-4-4,97580191,Determinemilitary,str. increaseclaim
1502-10-22,1502-8-4,88818814,"while.
WillRise",str. dark.paper
1740-8-1,1740-5-12,27504144,educationpainting,str. Unitbecome
1542-9-15,1542-4-12,88134651,careerattorney,str. operationloss.
1824-9-12,1824-9-12,42400198,everything.Mrs,str. clearly.trade
1580-3-12,1580-2-17,68598259,spendspend,str. drugthink
1978-11-15,1978-6-15,64253626,Meetscientist,str. whydefense
1806-12-14,1806-9-14,56849296,stagemillion,"str. rateand.
Between"
1574-10-21,1574-10-3,11698447,decadeskin,str. level.modern.
1863-2-18,1863-1-28,35985689,democraticdebate,str. understandmorning
1893-8-28,1893-1-16,13299280,change.two,str. relationship.drive
1619-9-18,1619-3-7,13105219,ResponseTown,str. after.forget
1506-5-15,1506-1-25,80015046,saySouthern,str. wecouple
1807-12-4,1807-7-17,69651678,ResponseTown,"str. recent.
Workerplayer."
1918-12-4,1918-1-12,70235919,officesecurity,"str. rock.
Smallopen"
1912-12-24,1912-12-21,89093526,producttop,str. nationregion
2009-11-4,2009-8-20,45621200,aboutwhen.,str. paintingland
1725-6-16,1725-5-15,31935365,ResponseTown,str. Eastdiscuss
1682-7-23,1682-7-20,54254985,EverybodyEverybody,str. Conditionstay
1935-6-3,1935-3-6,60510987,Systemagree,str. city.hear.
1894-5-13,1894-3-3,44814303,Carewind,str. playeradult
1955-7-17,1955-5-7,35737937,SocietyAge,str. siteseason
1571-5-14,1571-3-10,38844111,voicespeak,str. doctor.Third
1841-4-20,1841-1-2,15197379,sportbase,str. Learnglass
1910-9-1,1910-2-1,38519342,middle.author,str. Experiencebuilding
1813-12-13,1813-11-6,21638915,Termsound,str. humanlast
1536-7-19,1536-3-8,9849900,thoughPrice,str. Minutealone
1783-11-10,1783-2-8,61613254,voicespeak,str. localofficial
1642-7-28,1642-6-13,56352369,everythingreveal,str. Developmentdream
1694-3-22,1694-1-14,15403955,tradeplayer,str. fightissue
1772-12-21,1772-4-26,97343532,televisionman,str. treatunit.
1931-12-27,1931-12-23,10775115,casealmost,str. administrationonly
1767-10-24,1767-9-26,99409347,Measurecenter,str. conferenceBag
1532-10-23,1532-2-16,22160062,"while.
WillRise",str. Protectask
1873-7-14,1873-4-8,95350815,availableNetwork,str. Impactsecond
1937-8-5,1937-2-6,99981600,Returnspend,str. cutAnything
1715-12-21,1715-9-6,74184373,hotwalk,str. leg.final
1534-12-19,1534-2-17,55258087,suddenlyserious,str. TVTV
1503-5-28,1503-4-11,79954351,Causemovement,str. fact.skin
1654-8-22,1654-4-25,95290663,turnseries,str. suddenlypresent
1532-9-13,1532-3-28,76707039,participantparticipant,str. ourwithin
1633-10-1,1633-2-19,51382247,thensuggest,str. easteast
1573-8-18,1573-3-4,59843708,"groundreal.
Shake",str. personcontinue
1738-7-11,1738-1-24,38225114,managementnews,str. finish.trouble
1836-9-19,1836-1-8,95635894,seem.policy,str. yesdoctor
1893-2-22,1893-1-14,39510460,variousprofessional,str. economySuddenly
1954-8-13,1954-7-15,45371819,FocusMan,str. placealone.
1609-11-21,1609-7-6,32303678,throughimagine,str. sport.beautiful
1562-11-7,1562-10-17,81082680,nightsound,str. marriagetheir
1629-9-8,1629-7-14,66848929,raise.security,str. bothnecessary.
1616-11-3,1616-1-6,12641258,soldierfive.,str. believe.realize
2002-10-27,2002-6-26,70881109,casealmost,str. early.Skill
1551-11-22,1551-10-10,52826331,throwDrop,str. officespace
1918-10-2,1918-5-18,89682310,accountout.,str. readcultural
1995-12-12,1995-1-7,80563766,focusshe,str. open.final
1648-10-18,1648-5-12,48024460,Southold,str. houseunit.
1889-4-25,1889-2-27,35288402,"daughtermake.
Activity",str. explainSuch
1875-9-17,1875-6-4,88814371,Andperson.,str. song.Cultural
1564-8-21,1564-4-24,72213223,variousprofessional,str. Anotherprotect
2008-12-24,2008-7-9,82527336,Maintainmusic,str. ratherespecially
1621-11-10,1621-10-23,82187694,everythingreveal,str. Developmentdream
1781-4-19,1781-3-25,41302075,seem.policy,str. Himrisk
1695-11-28,1695-9-15,702904,"final.
Describegame.",str. shake.remember
1522-4-4,1522-3-2,40411794,ResearchWithout,str. seatrue.
1834-12-24,1834-4-23,19041336,saySouthern,str. westusually
1618-11-1,1618-1-17,79338019,deep.into,str. end.attorney.
1660-12-17,1660-10-15,44688495,findIdea,str. gunseason
1660-12-9,1660-7-12,91125350,okok,str. institutioninstitution
1797-10-20,1797-2-12,22893324,soldierfive.,str. propertymouth
1646-12-2,1646-10-13,66522821,spendspend,"str. rock.
Smallopen"
1511-9-1,1511-2-10,49565268,churchInstitution,str. local.challenge
1983-6-11,1983-6-8,91365018,accountprobably,str. city.hear.
1759-8-9,1759-3-25,27167378,decadeskin,str. gamesix
1834-11-1,1834-9-10,65216181,nowhand,str. Experiencecare.
1940-8-25,1940-5-18,66302034,TVseem,str. focusfigure
1621-10-15,1621-8-10,86959267,least.under,str. addfor.
1632-9-4,1632-2-21,1733526,whichhundred.,str. whichten
1975-12-16,1975-7-3,58321908,Treatemployee,str. Reducecell.
1614-10-25,1614-5-9,16315785,deep.into,str. physical.newspaper
1565-9-16,1565-5-14,40319456,accountprobably,str. bluekey
1651-4-4,1651-3-21,12834631,whichhundred.,str. drawthere
1714-9-1,1714-3-1,49826022,understandunderstand,str. husbandlow
1840-9-25,1840-1-19,27045418,quiteTake,str. authorthose
1571-7-25,1571-1-9,92497350,whichhundred.,str. weightadmit
1956-12-26,1956-4-12,15700791,TVseem,str. caryoung
1762-5-15,1762-4-4,56586637,saySouthern,str. prettyAdd
1815-8-6,1815-2-18,57905617,careerattorney,str. siteAssume
1732-10-6,1732-3-1,72991597,whichnote,str. peoplemachine
1930-11-18,1930-4-15,50948659,modernseries,str. enjoysituation
1997-7-3,1997-2-2,75001187,reasonAnd,str. include.color
1762-10-2,1762-9-13,52406417,childlose,str. shoulderopen
1976-9-6,1976-5-2,46502057,aWestern,str. wouldplant
2004-8-27,2004-6-13,48231868,Treatemployee,str. coachperform
1544-11-14,1544-1-8,63026048,childlose,"str. under.
Causecup"
1740-9-9,1740-4-12,29814422,listquite,str. couldTry
1544-5-17,1544-5-2,19665071,modernseries,str. cupimprove
1784-11-4,1784-7-14,45697601,kind.president,str. cameraThank
1794-10-28,1794-7-28,11047463,MeetMind,str. throwmy.
1778-10-9,1778-4-20,44750705,Togethermovement,str. peoplefollow
1700-12-27,1700-5-5,86841968,Republican.Republican.,str. available.when
1783-12-1,1783-8-1,76927655,nearlyallow.,str. prettylaw.
1810-10-23,1810-1-8,61297801,throwDrop,str. openwin
1516-11-25,1516-1-6,31865333,Systemagree,str. hitmember
1820-12-16,1820-5-26,36466575,never.nor,str. sport.recent
1906-6-11,1906-5-14,37960991,thensuggest,"str. among.
Youa"
1561-2-28,1561-2-12,98552825,Evidenceglass,str. Mrsshare
1588-4-16,1588-3-6,2397203,"million.
VisitType",str. qualitytrouble.
1803-8-13,1803-2-24,84825287,programlarge,str. strongsummer
1590-6-15,1590-6-3,97617070,key.memory.,str. agoreceive.
1987-9-17,1987-2-27,33713759,SocietyAge,str. level.modern.
1881-8-4,1881-5-24,58222807,variousprofessional,str. energyhundred
1586-7-3,1586-2-28,88100843,Measureman,str. mindrole
1508-10-15,1508-7-4,76581483,joindrug,str. sell.industry
1514-12-10,1514-6-3,98614863,drawSpace,str. dealdoctor
1615-8-12,1615-3-21,74797488,Carewind,str. Businessallow
1948-7-13,1948-5-4,51654085,Kindstop,str. seek.usually
1607-4-3,1607-3-18,90038800,saySouthern,str. naturalnor
1943-10-20,1943-7-1,47500436,bookMrs,str. shoulderopen
1928-5-26,1928-5-23,8304853,safeFear,str. todaygroup
1922-12-21,1922-5-6,2336260,Kindprovide,str. water.Party
1984-10-1,1984-4-22,18660030,revealnice,str. Performancefood
1891-7-7,1891-5-25,55447398,prettyprobably.,str. Mrs.become
1856-11-28,1856-9-24,79704823,careerattorney,str. improve.sea.
1865-5-12,1865-5-8,40668413,Societyfly,str. Protectask
1657-12-1,1657-4-17,60453846,whom.administration,str. certainlyfear
1569-10-18,1569-3-22,77306856,beginprobably,str. votefund
1564-4-18,1564-1-28,17606224,Yetgeneral,str. breakservice
1753-12-6,1753-2-8,93080609,sportbase,str. linethird
1989-10-27,1989-6-16,49623599,churchInstitution,str. suddenlypresent
1845-12-2,1845-1-5,91744109,nowhand,str. typeproduce
1579-11-15,1579-2-12,39018110,Blueso,str. Happyplan
1626-9-27,1626-1-1,18711310,Returnspend,str. attentionimagine
1587-12-12,1587-2-14,15299258,Termsound,str. ontoPrice
1600-12-11,1600-5-11,34510853,Causemovement,str. linethird
1700-6-8,1700-1-28,85390220,tradeplayer,str. darkinterview
1632-8-23,1632-1-8,59536496,speaknation,str. linethird
1819-10-19,1819-9-1,56804554,Evidenceglass,str. Riseeconomic
1547-11-13,1547-2-6,8163690,researchgame,str. homelevel
1565-12-24,1565-8-4,68521794,bookMrs,str. successact
2001-3-5,2001-2-3,2298157,simplyConference,str. approach.nation
1505-10-2,1505-6-24,76800145,Treatemployee,str. fightissue
1786-11-20,1786-10-25,46047615,wrongrequire,str. Acrosspeace.
1598-11-8,1598-2-5,52251627,stepsix,str. local.interesting
1670-11-14,1670-4-8,78162600,reasonAnd,str. animalanalysis
1744-7-2,1744-6-13,57877518,middle.author,str. easteast
1659-12-1,1659-4-24,72185038,shoulder.model,str. focusthough
1574-9-14,1574-6-20,84146405,Askapply.,str. Bigwar
1688-11-15,1688-3-11,44320562,least.under,str. building.dog
1788-12-26,1788-3-21,15190082,hotwalk,str. sendimpact
1658-10-23,1658-1-26,7116408,mattersociety,str. floorwell
1926-12-13,1926-1-7,67375069,reasonAnd,str. thenprevent.
1841-6-24,1841-6-2,24234502,Writeable,str. sell.industry
1993-8-22,1993-4-28,90486787,Untilcertainly,str. SpeakAcross
1755-12-11,1755-9-9,39583260,voicespeak,str. enterentire
1518-5-28,1518-2-22,43074362,Societyfly,str. coupleprotect
1958-11-3,1958-10-11,6275244,partytake.,str. whateverhard
1640-11-22,1640-3-28,35183373,beginprobably,str. field.director
1641-8-14,1641-2-25,91942886,Southold,str. fightissue
1801-12-24,1801-8-3,81909471,nameof,str. religiousexperience.
1970-10-25,1970-2-9,2262026,agencycultural.,str. openwin
1698-4-14,1698-4-4,49622456,joindrug,str. option.Onto
1512-11-3,1512-9-12,45536137,Sendmessage,str. sell.industry
1865-8-2,1865-5-4,17983946,trainingstudy,str. coupleprotect
1625-11-19,1625-1-26,14330343,performstudent,str. puteast
1604-3-21,1604-3-6,72920243,speaknation,str. learnbuy
1576-10-1,1576-1-5,36269946,agencycultural.,str. tendtoward
1870-12-28,1870-2-3,27507081,listquite,str. coachperform
1655-9-14,1655-6-23,84041918,future.Production,str. play.play.
1665-10-10,1665-3-23,50855487,cameraenter,str. end.attorney.
1515-8-14,1515-3-25,39089171,researchgame,str. oneagreement
1625-10-19,1625-5-4,37884690,Untilcertainly,str. BuildBuild
1800-7-20,1800-2-12,90640157,voicespeak,str. certaintrue
1755-3-21,1755-2-26,58599615,typeit,"str. fill.
Millionyard."
1820-8-27,1820-4-11,24450913,Returnspend,str. fishWall
1988-10-16,1988-2-12,22744626,stepsix,str. very.great
1945-7-5,1945-3-12,21302268,sotoday.,str. todaygroup
1695-11-12,1695-10-4,9087177,participantparticipant,str. manycustomer.
1609-7-17,1609-5-24,96354368,"offwriter.
Few","str. on.
Becausehere"
1626-7-9,1626-2-12,42162617,aWestern,str. Probablyphysical
1794-10-12,1794-7-3,32334418,agentbecause,str. aroundanother.
1572-5-24,1572-2-14,33555931,Yetgeneral,str. savedemocratic
1949-12-17,1949-1-8,676338,"hearTV.
Agreement",str. Democratpass.
1826-11-10,1826-1-21,38812346,memorynation,str. oneagreement
1635-12-28,1635-5-13,93912544,whatever.natural,str. networknetwork
1903-12-26,1903-2-13,9283838,beginprobably,str. middlefind
1915-8-17,1915-6-24,70120254,safeFear,str. presentanimal
1756-11-17,1756-3-9,55105481,researchgame,str. simplypast
1791-5-17,1791-4-25,43541402,Differenceadd,str. marriagetheir
1787-10-14,1787-10-6,84157405,fallgood.,str. roadwho
1673-11-14,1673-3-16,19603264,Treatemployee,str. surepainting
2018-10-24,2018-5-28,98632727,methodCatch,str. young.news
1796-12-5,1796-2-3,87104930,Kindprovide,str. expecta
1841-11-1,1841-9-25,88182725,easyyes.,str. tendgoal
1899-7-5,1899-2-9,82035675,researchgame,str. littlelaw
1595-10-12,1595-3-27,55124959,soldierfive.,str. degreechair.
1654-11-10,1654-9-12,19300049,howeverdifferent,str. stagejust
2000-9-16,2000-9-4,88150599,TVseem,str. wouldsafe
1616-11-27,1616-1-23,48349941,central.Newspaper,str. badstyle
1880-12-8,1880-10-6,73351804,Measureman,str. fightissue
1531-12-26,1531-3-4,66023063,rich.significant,str. suddenlypresent
1876-11-20,1876-2-9,56263086,Carewind,str. issuelive
1887-11-7,1887-10-11,89720677,pass.our,str. includingauthor
1907-11-17,1907-7-26,83213583,joindrug,str. claimstand
1522-12-2,1522-11-3,22897941,interesting.treat,str. arguepast.
1708-11-12,1708-1-6,85814421,from.many,str. speech.actually
1955-6-2,1955-2-12,91882111,stepsix,str. crimerole
1875-10-17,1875-3-11,66819785,SocietyAge,"str. among.
Hittruth"
1676-5-17,1676-2-15,31143158,Couldoil,str. caryoung
1969-8-20,1969-1-27,13515467,spendspend,str. policyspend
1681-4-26,1681-2-16,41648403,central.Newspaper,str. siteseason
1877-12-20,1877-10-22,60316802,throwDrop,str. cost.Than
1810-6-4,1810-3-19,78019628,educationpainting,str. buildstyle
1698-12-22,1698-7-1,27612364,fieldleader,str. shoulder.benefit.
1977-9-12,1977-4-21,74903776,churchInstitution,str. couldfind
1739-9-17,1739-3-9,59677939,agentbecause,str. end.attorney.
1512-6-9,1512-2-9,43353980,townbudget,str. guessCharacter
1614-9-4,1614-8-28,23923203,Kindprovide,str. nowrole
1985-12-21,1985-9-1,95393095,everythingreveal,str. bedidea
1818-5-25,1818-1-28,13371315,source.identify,str. rockfederal
1883-9-20,1883-7-8,34412462,participantparticipant,str. Thenaround
1858-10-9,1858-1-12,72363139,Askapply.,str. claimworry
1861-10-15,1861-2-26,5424561,followlive,str. successact
1964-4-18,1964-2-1,71578181,savepast,str. place.leave
1575-3-12,1575-1-14,14355419,nearlyallow.,str. take.decision
1656-4-18,1656-1-26,29543202,Yetgeneral,str. crimerole
1588-2-22,1588-1-27,15692178,administration.thus,str. savelanguage
1506-11-1,1506-8-9,65674338,Togethermovement,str. Takevalue
1637-9-18,1637-3-20,15694535,Askapply.,str. homethus
1587-9-7,1587-7-14,61526934,whatever.natural,str. callsport
1912-12-22,1912-2-19,70961932,impactguess,str. young.news
1762-9-3,1762-2-18,14110340,SocietyAge,str. siteAssume
1670-12-22,1670-11-19,40437574,outsidekid.,str. fundparticularly
1753-8-27,1753-6-16,16845567,shoulder.model,str. voicesend
1980-1-9,1980-1-6,52883174,childlose,str. detail.happen
1971-7-7,1971-4-22,10261547,Writeable,str. race.head
1606-9-24,1606-6-9,38924540,suddenlyserious,str. qualitytrouble.
1613-6-24,1613-5-1,33860997,speaknation,str. tripdifficult
1872-7-21,1872-4-12,3875480,stepsix,"str. passany.
Quality"
1749-12-28,1749-5-21,28976766,everything.Mrs,str. letstep
1791-11-5,1791-4-3,54891762,never.nor,str. standardask
1639-3-17,1639-1-1,15126987,couldstep,str. norbeautiful
1984-10-10,1984-1-18,36507092,saySouthern,str. Childpay.
1832-2-22,1832-2-15,96446627,middle.author,str. babyseven
1950-12-20,1950-5-21,3695648,officesecurity,str. staffwell
1679-3-8,1679-1-21,88293702,Carewind,str. Sevencharacter
1654-11-25,1654-7-16,68162630,memorynation,"str. choose.
Createyour"
1577-4-19,1577-2-8,92123267,townbudget,"str. service.
Casedata"
1596-7-23,1596-4-7,80371796,careerattorney,str. onto
1718-2-6,1718-1-1,37361458,Differenceadd,str. twotwo
1722-11-20,1722-7-4,13337551,"wrongpass.
Interesting",str. authorthose
1676-12-7,1676-1-8,53372685,howeverdifferent,str. Manyrecent.
1819-10-8,1819-4-23,70751388,Carewind,str. expertlaw
1773-4-4,1773-1-20,23522537,howeverdifferent,str. startrealize
1537-6-17,1537-2-16,29839353,Societyfly,str. daughterturn
1944-8-3,1944-5-7,91870435,Yetgeneral,str. towardoften
1646-12-16,1646-4-22,5734382,interesting.treat,str. meanagent
1612-12-19,1612-11-22,6974496,giveelection,str. citizenWant
1693-7-9,1693-2-6,7814394,listquite,str. sendimpact
1806-12-4,1806-2-10,8643082,budget.box,str. westCare
1787-5-14,1787-4-5,72273423,whichhundred.,str. whoroad
1751-4-23,1751-1-16,68568738,FocusMan,str. Unitbecome
1589-10-15,1589-3-5,68335227,never.nor,"str. week.
Servicestructure"
1720-10-14,1720-4-4,5137034,structureCan,str. oldold
1786-12-4,1786-7-5,21989579,Differenceadd,str. duringsuddenly
1563-7-28,1563-1-25,72335645,variousprofessional,str. Boardgood
1872-5-17,1872-3-16,55940400,Measurecenter,str. couldblack
1576-12-25,1576-9-16,68545584,change.two,str. friendevery
1984-6-22,1984-4-25,25738369,put.central,str. increaseclaim
1628-12-14,1628-2-15,66569937,qualityprovide,str. thenprevent.
1546-6-23,1546-4-22,91627914,educationpainting,str. environmenttoo.
1951-3-24,1951-2-23,57127375,bloodAdd,str. city.hear.
1857-10-27,1857-5-7,57817536,throughoutknow,str. beforeRegion
1637-9-11,1637-4-28,79728005,townbudget,str. justhave
1519-11-12,1519-3-3,65119017,future.Production,str. very.great
1716-9-12,1716-3-7,62614050,prettyprobably.,str. placealone.
1757-4-20,1757-3-28,49670000,"meet.
TaskAgency",str. whoroad
1605-11-13,1605-7-6,80775460,source.identify,str. hitmember
1690-6-7,1690-4-9,98594003,key.memory.,str. dogpretty
1642-12-28,1642-3-2,75721610,savepast,str. Everygoal
1777-6-14,1777-1-1,23668173,thensuggest,str. from.need
1620-11-4,1620-4-9,81291865,accountout.,str. possibleoccur.
1557-11-21,1557-11-7,76084150,easyyes.,str. artistsuccess.
1629-3-14,1629-1-14,85652424,change.two,str. Agreementdirection
1898-9-7,1898-3-12,33501851,forcearea.,str. managestock
1540-10-6,1540-3-13,28617851,lookTalk,str. stagejust
1583-10-25,1583-8-8,23393691,nightsound,str. meanagent
1913-9-10,1913-3-17,92052358,memorynation,"str. Asside.
Near"
1797-12-17,1797-3-12,65552624,"meet.
TaskAgency",str. humanlast
1939-7-10,1939-4-15,51356139,reasonAnd,str. Identifystandard.
1552-11-8,1552-2-10,17461116,televisionman,str. bothService
1809-8-28,1809-3-9,42190526,Writeable,str. whoroad
1622-6-3,1622-5-24,55007822,impactguess,str. languagecreate
1872-6-19,1872-1-2,90874512,Writeable,str. Simplereally.
1717-12-9,1717-1-27,18792184,whom.administration,str. Seatdetermine
1514-12-18,1514-5-12,24540154,piecetheir,str. MaintainDoctor
1900-10-7,1900-1-12,95947582,Askapply.,str. participant.occur
1800-5-16,1800-1-2,90899436,decadeskin,str. peoplemachine
1810-5-25,1810-4-3,6643319,interesting.treat,str. civil.blood
1749-6-2,1749-1-7,46281639,nightsound,str. couldblack
1727-6-13,1727-2-11,32479502,shoulder.model,str. moment.foreign
1735-7-19,1735-6-5,75438369,Sendmessage,str. beautifulsport
1724-8-27,1724-7-21,46671072,change.two,str. representaddress
1952-12-14,1952-9-10,16214838,source.identify,str. win.major.
1801-11-12,1801-3-8,86428913,Andperson.,str. Democrattable.
1653-9-26,1653-1-26,68992140,Carewind,"str. choose.
Createyour"
1740-5-16,1740-3-19,19965785,managementnews,str. religiousexperience.
1602-12-3,1602-2-6,1301138,Causemovement,str. his.Source
1974-10-15,1974-6-10,68104390,Differenceadd,str. defensestudy
1695-4-24,1695-3-2,78093251,truthAgain,str. howeverability
1912-10-19,1912-2-27,85389585,simplyConference,str. streetdevelop
1561-7-1,1561-4-18,17273499,EverybodyEverybody,str. changechange
1601-5-25,1601-4-13,24654593,sufferfour,str. Interestphone
1682-11-21,1682-10-3,37597682,ontohome.,str. attacklet.
1628-5-7,1628-2-7,58602093,turnseries,str. applyargue
1933-9-6,1933-9-1,56026565,accountprobably,str. fishyard
1513-8-10,1513-3-21,51683311,sportbase,str. regionnote
1620-11-4,1620-10-25,20771764,change.two,str. manycustomer.
1534-7-14,1534-3-27,63660532,townbudget,str. agentcomputer.
1774-12-10,1774-10-5,74119073,soldierfive.,str. marriageprovide
1951-12-12,1951-5-24,12537756,leadlead,str. pass.study
1702-11-11,1702-10-7,25332544,husbandabout,str. authorthose
1923-4-5,1923-3-22,98719868,Kindstop,str. Styleexpect
1854-7-24,1854-5-25,52338653,democraticdebate,str. girlthought
1700-11-4,1700-2-20,7333484,partytake.,str. cameraWonder
2005-11-4,2005-4-19,50778283,never.nor,str. Impactsecond
1684-12-17,1684-8-13,3951147,piecetheir,str. understandmorning
1541-8-23,1541-2-6,58523352,faceWestern,str. agentcomputer.
1883-7-10,1883-3-2,59232538,Kindprovide,"str. offerevening.
Themselves"
1737-8-13,1737-8-4,29236107,treeterm.,"str. thinkcommunity.
Do"
1676-12-10,1676-2-28,2070294,democraticdebate,str. everything.Staff
1893-10-24,1893-4-21,7024006,ask.ok,str. hitmember
1978-3-19,1978-1-5,898996,suddenlyability,"str. on.
Becausehere"
1860-11-6,1860-5-20,65362952,behaviormachine,str. year.collection
1542-4-14,1542-4-1,97898086,kind.president,str. twotwo
1789-9-27,1789-7-15,26836455,thensuggest,str. customer.approach
1881-6-13,1881-4-1,68210231,fieldleader,str. Resultdiscussion
1927-6-21,1927-5-22,91760016,ResponseTown,str. Eastdiscuss
1819-10-4,1819-8-12,93254809,rich.significant,str. Simplereally.
1697-11-9,1697-1-18,36794749,"wrongpass.
Interesting",str. Nightinside
1852-10-18,1852-7-17,25249500,Kindprovide,str. optionindustry
1745-10-6,1745-8-7,33587204,Republican.Republican.,str. happenwithin
2020-12-3,2020-6-24,37088722,suddenlyserious,str. buysurface
2005-8-15,2005-8-5,91507108,faceWestern,"str. Asside.
Near"
1732-9-3,1732-3-22,30495088,churchInstitution,str. streetdevelop
1829-6-15,1829-1-14,20411282,less.room,str. pressuremorning
1738-12-3,1738-10-5,60964610,least.under,str. tendgoal
1990-9-25,1990-4-12,70225923,behaviormachine,str. cardwhen
1580-5-1,1580-4-4,78778164,structureCan,str. presentpressure
1662-11-11,1662-2-2,95023976,ontohome.,str. soso
1519-6-10,1519-6-2,97170849,key.memory.,str. patterneconomy
1869-12-20,1869-5-17,4699505,voicespeak,str. morefloor.
1565-12-18,1565-3-25,14461902,bloodAdd,str. movieend
1631-12-19,1631-7-10,30692788,nameof,str. chancenext
1631-7-12,1631-2-20,99493015,figure.figure.,str. civil.least.
1900-11-27,1900-5-2,49496430,couldstep,str. itselfall.
1651-12-10,1651-10-13,8139663,revealnice,str. nearnear
1868-11-1,1868-6-20,56270117,nowhand,str. bedidea
1940-10-25,1940-9-5,73640684,researchgame,str. wearproduction
1504-7-2,1504-1-20,27610966,presentActivity,str. wordproduction
1794-11-26,1794-4-23,83553512,entireunderstand,str. Sevencharacter
1890-8-5,1890-2-4,19292976,structureCan,str. preventGarden
1720-5-1,1720-2-17,38823092,democraticdebate,str. place.leave
1802-6-19,1802-1-10,8420052,everything.Mrs,str. degreechair.
1661-12-17,1661-12-4,86195944,Treatemployee,"str. investment.
Goalhead."
1529-10-12,1529-9-21,91865972,wecontinue.,str. patterneconomy
1783-4-2,1783-1-17,20941015,prettyprobably.,str. true.everyone
1939-11-8,1939-9-11,25107237,simplyConference,str. growwould
1936-10-8,1936-5-13,80325477,howeverdifferent,str. simplypast
1704-12-7,1704-10-25,6533879,shoulder.model,str. benefithold
1580-9-27,1580-2-28,58109116,methodCatch,str. tendgoal
1555-8-15,1555-2-2,84617401,rich.significant,str. common.affect
1575-2-18,1575-1-15,88551127,nightsound,str. wind.soldier
1577-5-1,1577-2-9,53759662,leadlead,str. lawyerspace
1644-10-3,1644-7-5,33545357,Evendirection,str. sortleft
1518-10-20,1518-7-23,2839165,Differenceadd,str. setlisten
1682-8-22,1682-5-11,67909739,aboutwhen.,str. true.everyone
1890-12-7,1890-10-18,7189065,everything.Mrs,str. songeneral
1501-10-9,1501-5-25,87847599,townbudget,str. cameraWonder
1699-10-4,1699-6-4,59287624,pick.throw,str. bodywhere.
1541-3-24,1541-1-10,27586594,aboutwhen.,str. andLay
1945-9-21,1945-1-14,53869784,"daughtermake.
Activity",str. security.interview
1722-12-8,1722-1-1,31298237,plan.moment,str. sellForm
1620-8-18,1620-6-8,38207098,whatever.natural,str. futureAdministration
1790-11-26,1790-2-13,72993878,wecontinue.,str. dealinteresting
1536-4-16,1536-4-12,73836454,Evendirection,str. water.Party
1692-4-11,1692-3-1,60079686,forcearea.,str. healthpersonal
1998-12-24,1998-7-18,94295107,Andperson.,str. husbandlow
1525-10-28,1525-5-23,95750703,issueago,str. Hairfoot.
1646-7-23,1646-7-3,67693806,Republican.Republican.,str. internationalinternational
1657-9-1,1657-7-24,41085754,townbudget,str. wall.body
1513-9-2,1513-5-13,79712084,fallgood.,str. doctor.Third
1916-9-11,1916-4-26,27901328,"along.
Avoidbenefit",str. read.any
1743-8-6,1743-1-27,98229446,openSuddenly,str. explainSuch
1654-8-21,1654-3-17,55847975,budget.box,str. outsidetrip
1524-11-5,1524-8-5,871958,lookTalk,str. yesdoctor
1743-10-19,1743-5-7,66161485,budget.box,str. bothService
1977-12-27,1977-5-5,62869284,thoughPrice,str. arm.serious
1777-9-12,1777-4-19,38148963,Meetscientist,str. walk.which
1540-3-23,1540-3-4,5813528,seem.policy,str. agoover
1692-10-7,1692-4-12,1677646,issueago,str. win.major.
1652-10-6,1652-7-12,48484715,Maintainmusic,str. areastop
2010-7-28,2010-6-7,88913292,central.Newspaper,str. keepList
1905-8-4,1905-7-18,71941011,anyonePerform,str. young.news
1842-1-21,1842-1-8,50668514,accountout.,str. administrationonly
1519-12-16,1519-8-25,47943880,kind.president,str. Seatdetermine
1926-8-4,1926-7-10,10950900,FocusMan,str. determinedetermine
1759-9-2,1759-5-14,84876102,cameraenter,str. radioseek
1742-8-11,1742-1-26,321781,less.room,str. suddenlypresent
1500-6-14,1500-5-17,58012934,performstudent,str. pattern.hand
1727-11-24,1727-11-14,65071949,Sendmessage,str. typeproduce
1597-10-22,1597-7-6,58855754,"offwriter.
Few","str. expectagent.
Difference"
1585-9-28,1585-4-17,44260210,Treatemployee,str. nationNever
1746-8-15,1746-4-15,75510704,middle.author,str. avoidremain.
1632-4-27,1632-4-15,72822205,spendspend,str. Discussionprobably.
1618-6-13,1618-1-7,6178640,clearwhen,str. traditionalSingle
1959-10-24,1959-3-4,8386766,anyonePerform,str. Finishwhatever
1878-7-8,1878-2-14,74788650,yetread,str. TradeRange
1532-4-15,1532-2-24,33072876,issueago,str. performreach
1923-12-12,1923-6-19,81390059,pick.throw,str. makeevening.
1904-11-15,1904-7-4,57529223,whichnote,str. campaignraise
1753-11-20,1753-3-23,38257187,less.room,str. treatpaper
1789-12-24,1789-7-7,14860162,seem.policy,str. cameraThank
1583-11-5,1583-2-18,54436812,Measureman,str. claimworry
1942-6-5,1942-3-16,83336057,revealnice,str. directorprove.
1929-8-13,1929-7-15,74599749,pass.our,str. culturaleverything
1600-12-21,1600-3-9,3765579,raise.security,str. couldblack
1554-12-17,1554-8-18,87127693,ontohome.,str. earlyearly
1898-5-7,1898-4-28,35694421,lookTalk,str. wear.religious
1878-9-7,1878-4-4,88000483,soldierfive.,str. race.head
1745-10-12,1745-8-28,70291162,MeetMind,str. debate.miss
1684-7-16,1684-1-17,9945926,spendspend,str. towardexperience
1698-11-16,1698-1-15,73163477,budget.box,str. centerstory
1556-10-13,1556-6-22,11752104,beginprobably,str. internationalinternational
1536-4-24,1536-4-10,54887064,Evidenceglass,str. capitalstrategy
1918-12-1,1918-4-6,84140803,"groundreal.
Shake",str. westCare
1710-5-24,1710-1-27,21738883,leadlead,str. itcarry
1625-12-3,1625-2-9,13337872,Evendirection,str. civilhot
1570-11-3,1570-1-24,64324523,clearwhen,str. listmost
1531-8-7,1531-7-1,8127090,childlose,str. cameraWonder
2007-3-28,2007-1-12,17918796,Andperson.,str. propertymouth
1813-6-21,1813-2-6,47163640,interesting.treat,str. Happyplan
2007-6-9,2007-1-20,7369873,variousprofessional,str. generation.former
1891-7-14,1891-4-8,91082132,faceWestern,str. maylikely
1866-5-9,1866-2-22,71682365,rich.significant,str. dogpretty
1956-6-24,1956-6-1,33923375,soldierfive.,str. from.need
1747-4-28,1747-1-1,99478313,figure.figure.,str. thatdream
1647-10-12,1647-8-15,23323493,democraticdebate,str. personalresponsibility
1600-11-4,1600-8-6,41562424,aboutwhen.,str. treatunit.
1591-9-4,1591-8-13,54903950,memorynation,str. while.while.
1533-11-21,1533-1-21,63812563,researchgame,str. expectmillion
1510-8-5,1510-2-3,29256009,Kindstop,"str. team.past.
Particularly"
1872-4-23,1872-1-23,25818300,whichnote,str. presidentonce
2010-12-3,2010-10-18,69857155,churchInstitution,str. drawname
1879-9-25,1879-4-15,27288807,throwDrop,str. Democratpass.
1543-9-6,1543-8-15,70781686,partyvoice,str. freehappy
1636-11-22,1636-10-10,93792957,drawSpace,str. nationaladd
1606-6-16,1606-4-4,53812127,Determinemilitary,str. happenwithin
1976-11-15,1976-7-27,28579644,accountprobably,str. relationship.drive
1762-10-23,1762-3-21,649605,Carewind,str. whateverhard
1747-6-7,1747-4-10,57962023,Untilcertainly,str. onto
1842-6-3,1842-4-12,27468780,bloodAdd,str. culturaleverything
1866-11-21,1866-9-15,13719115,raise.security,str. includingdirection.
1508-2-17,1508-1-4,54758889,publicpublic,str. open.final
1834-11-26,1834-5-3,99379890,accountprobably,str. Mrsshare
2009-5-4,2009-1-28,88994187,source.identify,str. shake.remember
1843-12-4,1843-3-15,71522458,thensuggest,str. eveningfamily
1953-8-4,1953-7-18,62315016,everything.Mrs,str. situationanswer.
1539-10-27,1539-3-5,52278067,townbudget,str. simplypast
2001-12-15,2001-7-16,62427860,joindrug,str. productherself
1930-11-7,1930-2-27,7363245,simplyConference,str. seriousyes.
1717-8-2,1717-5-2,5791537,churchInstitution,str. qualitytrouble.
1538-12-10,1538-7-4,55809334,ResponseTown,str. breakservice
2007-11-2,2007-2-11,44940523,Treatemployee,str. throwgeneral
1988-3-19,1988-2-4,22360909,aWestern,str. todaygroup
1887-12-3,1887-5-11,67199609,memorynation,str. conferenceBag
1728-6-12,1728-5-4,63724709,never.nor,str. aboveskill
1711-3-23,1711-2-24,51572859,Sendmessage,str. meanagent
1547-6-16,1547-3-6,78809820,tradeplayer,str. charge.approach
1626-10-19,1626-9-11,8569944,joindrug,str. since.respond
1733-8-23,1733-1-28,39861070,producttop,str. teachbeautiful
1646-5-13,1646-2-6,91969992,key.memory.,str. summer.Direction
1670-11-12,1670-11-10,83067985,clearwhen,str. Performancefood
1585-12-3,1585-3-24,72332435,accountprobably,str. IFoot
1614-7-27,1614-2-9,70157147,hotwalk,str. voteserious
1595-11-11,1595-3-19,49368055,entireunderstand,str. rangeSocial
1751-9-2,1751-5-27,69504591,managementnews,str. rockfederal
1974-8-13,1974-6-14,61411959,joindrug,str. alreadyonce
1662-11-22,1662-2-2,40226807,impactguess,str. insidesuccessful
1845-6-11,1845-1-25,5963073,partyvoice,"str. choose.
Createyour"
1985-2-23,1985-1-8,84783340,giveelection,"str. thinkcommunity.
Do"
1712-7-20,1712-2-18,21644849,Blueso,str. debate.miss
1850-10-15,1850-2-17,48018624,Kindprovide,str. findSeveral
1529-9-10,1529-2-9,48300630,figure.figure.,str. understandtoward
1777-8-9,1777-1-24,52861457,bookMrs,str. couldTry
1790-2-2,1790-1-16,60908844,Blueso,str. ActivityGuy
2008-9-13,2008-7-17,31463744,ResponseTown,str. finallyspace
1566-10-13,1566-2-5,28428202,okok,str. walkdebate.
2016-9-13,2016-1-13,25877211,televisionman,str. benefitreally
1863-3-20,1863-1-9,86310039,"hearTV.
Agreement",str. key.pressure
1620-9-10,1620-4-5,46466568,democraticdebate,str. Unitbecome
1620-7-25,1620-1-7,29336308,entireunderstand,str. beatchair
1734-6-21,1734-1-10,16267613,simplyConference,str. addfor.
1812-12-6,1812-5-10,5206303,levellisten.,str. scoreorganization
1508-8-18,1508-1-8,42298237,firstBar,str. mediasociety
1617-9-4,1617-1-2,51194720,everything.Mrs,str. tonews.
1836-7-26,1836-1-9,5990241,kind.president,str. Identifystandard.
1523-5-24,1523-5-21,21078465,shoulder.model,str. citizenWant
1905-10-21,1905-3-25,25844626,ResponseTown,str. sortleft
2015-4-19,2015-1-13,30226931,findIdea,str. agoago
1548-9-24,1548-6-23,90926080,ResponseTown,str. MaintainDoctor
1646-11-18,1646-10-27,98886573,everything.Mrs,str. hitmember
1870-9-13,1870-7-27,83508536,thensuggest,str. consumerUp
1950-10-18,1950-10-11,30010253,townbudget,str. songanswer
1874-7-27,1874-6-23,14732177,hotwalk,str. sellForm
1853-11-23,1853-7-19,82703593,whiteelection.,str. soso
1955-12-27,1955-12-20,78730688,police.bar,str. withinincrease
1706-7-28,1706-4-7,14815649,stepsix,str. eitherbehind
1765-12-18,1765-8-23,76547242,variousprofessional,str. include.color
1745-6-7,1745-4-24,74214957,presentActivity,str. mediapartner
1786-5-13,1786-3-2,83558251,entireunderstand,str. puteast
1963-9-5,1963-9-2,663624,sportbase,str. manycustomer.
1684-5-9,1684-5-7,80414228,"daughtermake.
Activity",str. wall.body
1812-12-2,1812-10-3,84174579,interesting.treat,str. Thenaround
1761-12-12,1761-4-28,93865987,Determinemilitary,str. landhour
1846-10-21,1846-2-2,79752884,until.Happen,str. prettylaw.
1892-8-19,1892-7-17,79251773,sotoday.,str. cardwhen
1589-10-7,1589-8-27,37296556,spendspend,str. arguepast.
1716-9-14,1716-3-22,73300307,levellisten.,str. gamestation
1577-7-1,1577-3-15,23728293,cameraenter,str. closeresponsibility
1833-12-13,1833-3-5,91332048,entireunderstand,str. detail.happen
1975-11-18,1975-3-4,71254881,Untilcertainly,str. believe.realize
1630-8-20,1630-4-11,18699193,easyyes.,str. policyspend
1793-2-25,1793-1-20,49122711,followlive,str. situationanswer.
1842-9-18,1842-9-14,45067887,childlose,str. anything.late
1938-10-21,1938-6-26,8723659,nowhand,str. attentionimagine
1629-8-7,1629-1-23,51906117,clearwhen,str. resourceDrug
1649-11-25,1649-4-14,11477642,saySouthern,str. song.Cultural
1506-10-5,1506-2-12,67373027,wrongrequire,str. Boardgood
1547-8-22,1547-1-27,69222108,entirefew,str. despiteconsumer
1781-9-9,1781-3-24,95034093,trainingstudy,str. bestless
1910-11-16,1910-7-6,75427208,source.identify,str. duringsuddenly
1856-11-6,1856-5-26,96274849,piecetheir,str. Impactsecond
1612-10-10,1612-5-18,956631,followlive,str. populationscore
1660-11-7,1660-6-22,83350044,Carewind,str. increaseLevel
1882-4-25,1882-2-18,1307453,Meetscientist,str. applyargue
1565-11-22,1565-4-25,21573121,trainingstudy,str. culturaleverything
1658-12-12,1658-2-23,46567716,drawSpace,str. companyeast.
1717-11-19,1717-4-8,15049176,bloodAdd,str. regionnote
1994-9-10,1994-8-11,45935083,everythingreveal,str. heavyEntire
1815-4-20,1815-2-19,17827609,Systemagree,str. startrealize
1792-5-5,1792-2-25,92380024,levellisten.,str. officer.drop
1718-11-6,1718-8-7,24473477,reasonAnd,str. Eastdiscuss
1576-12-25,1576-2-20,3261888,findIdea,str. makemagazine
1583-9-2,1583-5-23,42395612,never.nor,str. consumerUp
1757-12-16,1757-2-12,14452889,treeterm.,str. friendevery
1923-12-15,1923-5-3,30430591,ResponseTown,str. ContainTree
2010-12-5,2010-5-27,12262350,Southold,str. NewParent
1772-9-28,1772-9-12,28958970,Termsound,str. Militarymore
1863-11-23,1863-2-11,82185717,agencycultural.,str. Takevalue
1932-3-24,1932-1-28,2227433,cameraenter,str. Optionhard
1976-10-21,1976-5-25,19159016,outsidekid.,str. Indeedreceive.
1775-10-28,1775-10-6,96232317,whichhundred.,str. memberready.
1541-12-7,1541-1-17,28688407,revealnice,str. votebill
1944-6-23,1944-3-7,27354498,piecetheir,str. nationregion
1816-12-21,1816-1-18,62874259,least.under,str. friend.technology.
1572-3-10,1572-1-7,51208965,from.many,str. paintingland
2013-6-19,2013-5-27,65110724,whichnote,str. itperformance.
2004-11-19,2004-9-23,45685268,yetread,str. option.Onto
1853-6-24,1853-4-1,46818892,findIdea,str. peacefirm
1753-10-2,1753-8-18,59479692,forcearea.,str. Performancefood
1871-9-2,1871-6-25,58828365,saySouthern,str. impacttogether
1771-8-1,1771-7-16,1293283,accountprobably,str. employeecharacter.
1563-7-20,1563-3-18,99109653,couldstep,str. affectlot
1921-10-22,1921-3-3,66532545,sotoday.,str. successact
1797-11-10,1797-4-20,67744922,modernseries,str. callsport
1832-7-9,1832-6-20,89530457,partyvoice,str. songeneral
1872-6-14,1872-1-3,35168626,tradeplayer,str. myselfplayer
1544-6-28,1544-2-15,32661601,InsteadInstead,str. networknetwork
1677-9-16,1677-9-4,54361805,Untilcertainly,str. owner.power
1931-12-1,1931-7-28,65525440,"along.
Avoidbenefit",str. lawyerspace
1666-8-14,1666-7-19,55911412,treeterm.,str. agentMrs.
1947-4-28,1947-2-6,25656564,joindrug,str. rangeskill.
1504-4-26,1504-2-13,91847111,administration.thus,str. homelevel
1556-8-5,1556-2-7,1156365,quiteTake,str. place.leave
1712-1-26,1712-1-8,64896191,sufferfour,str. storymovie
1960-11-27,1960-2-5,90824439,ResearchWithout,str. yard.style
1734-10-22,1734-6-3,50618499,Theoryresource,str. churchmajority
1814-12-25,1814-2-2,10981050,throwDrop,str. resourceDrug
1724-12-28,1724-1-1,9375053,billThan,str. certainly.campaign
1703-12-7,1703-8-27,38229775,Causemovement,str. Possibleelection
1569-7-15,1569-4-25,58756331,bloodAdd,str. listendeep
1638-9-22,1638-3-6,84191754,whiteelection.,str. propertydifficult
1930-11-1,1930-2-22,95167969,speaknation,str. environmentalUp
1950-4-21,1950-3-13,36158173,couldstep,str. behindwhile.
1775-5-18,1775-3-28,16462299,police.bar,str. systemsystem
1627-8-25,1627-5-9,12700333,rich.significant,str. throughthrough
1691-11-3,1691-10-23,46840293,revealnice,str. richoffice
1828-6-26,1828-5-13,50592148,everythingreveal,str. againstRepublican.
1999-11-11,1999-7-12,25154477,TVseem,str. triplot
1503-8-23,1503-6-11,97291036,nameof,str. keyappear.
1587-8-20,1587-8-6,39021772,pick.throw,str. twotwo
1542-6-25,1542-5-20,67424572,anyonePerform,str. focusthough
1795-4-4,1795-1-16,35283849,careerattorney,str. middlefind
1866-10-23,1866-9-25,51794528,deep.into,str. humanitself
1568-10-24,1568-1-28,84465785,impactguess,"str. choose.
Createyour"
1893-9-28,1893-2-20,61045471,accountout.,str. withincompany
1932-9-5,1932-8-21,30156949,ontohome.,str. hehand
1723-6-21,1723-5-4,34133672,budget.box,str. Sinceaccording
1823-6-21,1823-3-6,49051645,from.many,str. industryour.
1639-6-4,1639-5-5,54024880,central.Newspaper,str. tableDegree
1960-2-7,1960-1-26,14066895,agencycultural.,str. dreambegin
1556-3-26,1556-1-27,5298652,ask.ok,str. norbeautiful
1969-9-21,1969-5-10,66157088,quiteTake,str. common.affect
1634-12-24,1634-10-6,58277382,bloodAdd,str. situationsense
1927-9-10,1927-9-2,99233070,townbudget,str. worryThemselves
1927-12-2,1927-7-3,51617284,modernseries,str. Asknew
1602-11-2,1602-5-8,28207568,whom.administration,str. propertymouth
1718-11-15,1718-1-20,46685584,Askapply.,str. Himfront.
1549-8-6,1549-7-15,91109563,casealmost,str. Carbrother
1551-12-20,1551-9-8,60782932,situationsurface.,str. yourSuch
1578-11-4,1578-5-24,79366203,bloodAdd,str. Democrattable.
1900-9-20,1900-6-2,92174506,meetimage,str. practicepolitical
1666-7-5,1666-4-7,7070969,from.many,str. meanagent
1890-8-7,1890-1-16,69783211,Southold,str. SameStore
1858-11-11,1858-2-13,80859622,faceWestern,str. throwgeneral
1651-10-24,1651-9-14,19915314,howeverdifferent,"str. investment.
Goalhead."
1906-11-6,1906-7-7,71965750,simplyConference,str. daughtersecond
1739-12-7,1739-3-15,42245804,suddenlyability,str. modern.hot
1617-11-8,1617-10-28,84469569,throughimagine,str. Voicecourse
1938-5-13,1938-2-8,20444656,Highcity.,str. leg.final
1869-8-15,1869-6-17,99600193,typeit,str. behindwhile.
1667-8-12,1667-1-28,9305523,"groundreal.
Shake","str. under.
Causecup"
1712-11-16,1712-2-25,94080846,outsidekid.,str. Styleexpect
1881-9-17,1881-5-6,24056152,savepast,str. mostchange
1802-10-17,1802-6-26,697601,change.two,str. agentMrs.
1904-12-18,1904-7-12,45715104,modernseries,str. includingdirection.
1993-3-13,1993-1-20,27171614,nowhand,str. keepList
2002-12-3,2002-7-18,28910910,SocietyAge,str. streetdevelop
1846-11-21,1846-3-10,42628509,clearwhen,str. young.news
1895-9-8,1895-7-6,5011289,wecontinue.,str. Anotherprotect
1799-8-13,1799-4-26,34944276,officesecurity,str. agoreceive.
1837-12-7,1837-6-9,67374154,yourselfpartner,str. MachineMachine
1786-9-11,1786-2-15,37257003,simplyConference,str. modernimportant
1815-8-20,1815-7-14,82632611,"hearTV.
Agreement",str. radio.water
1989-11-8,1989-8-20,66949116,joindrug,str. truthresource
1946-2-3,1946-2-1,65019387,participantparticipant,str. personalresponsibility
1646-2-10,1646-1-21,23810342,partytake.,str. analysisSeason
1506-4-19,1506-1-1,18885332,Writeable,str. tablehuge
1631-12-10,1631-5-19,83113340,agencycultural.,str. sixwhich.
1831-9-12,1831-2-17,87538490,situationsurface.,str. seektreat
1908-11-18,1908-10-6,28681160,speaknation,"str. expectagent.
Difference"
1748-12-16,1748-7-17,58133022,safeFear,"str. schoollot.
Behavior"
1837-5-20,1837-4-4,62837175,lookTalk,str. democraticprofessor
1552-1-25,1552-1-21,40843643,churchInstitution,str. history.Message
1969-4-6,1969-2-9,21755993,situationsurface.,str. benefitreally
1647-12-27,1647-6-5,61181177,treeterm.,"str. season.
Dinnerdesign"
1663-10-16,1663-8-13,42018328,Determinemilitary,str. drawthrow.
1798-12-5,1798-6-9,92770894,treeterm.,str. seektreat
1822-12-2,1822-8-25,80103027,situationsurface.,str. campaignraise
1516-8-25,1516-6-1,51122527,stepsix,str. qualitytrouble.
1863-11-11,1863-10-28,83618127,yetread,str. bothUnderstand
1642-11-25,1642-5-16,43222869,firstBar,str. Environmentalfigure
1763-4-19,1763-1-2,59674999,aWestern,str. cardProduction
1696-11-2,1696-7-19,43261514,until.Happen,str. girlVoice
1896-12-21,1896-4-27,136773,qualityprovide,str. programinstead
1952-5-24,1952-2-15,54262575,Highcity.,str. Singleskill.
1912-12-3,1912-2-24,40137431,figure.figure.,"str. once.
AgainstName"
1611-9-4,1611-1-11,14870866,interesting.treat,str. savelanguage
1997-2-4,1997-1-10,92599431,suddenlyability,str. detailavailable
2011-4-21,2011-3-11,22553554,aWestern,str. Boardgood
1524-3-21,1524-3-11,46456715,Evidenceglass,str. trueturn
1518-9-10,1518-9-2,18215971,reportsuccess,"str. behindyoung.
Arrive"
1550-12-3,1550-3-14,23027946,outsidekid.,str. caryoung
1832-11-27,1832-11-13,25260688,cameraenter,str. daughterdaughter
1586-11-10,1586-3-19,29632845,sotoday.,str. federalgas
1513-11-16,1513-6-13,29894519,decadeskin,str. sport.beautiful
1640-5-27,1640-4-8,18323507,throughimagine,str. democraticprofessor
1897-5-4,1897-4-16,67902983,Systemagree,str. pattern.High
1786-10-11,1786-8-16,16852994,put.central,str. wellpersonal
1931-8-12,1931-7-9,18745610,producttop,str. trystop
1591-3-8,1591-2-12,86204616,ResearchWithout,str. Ratestandard
1579-12-25,1579-4-11,68006573,meetimage,str. Learnglass
1890-8-15,1890-4-2,62909267,accountprobably,str. any.Direction
1961-7-1,1961-5-25,4653038,Meetscientist,str. wide.box
1729-6-15,1729-3-11,83566850,sportbase,str. fundparticularly
1823-9-10,1823-8-9,23218901,impactguess,str. sureanalysis.
1576-12-1,1576-9-24,19386341,trainingstudy,str. sportMention
1772-8-28,1772-7-10,28403483,"meet.
TaskAgency",str. rangeskill.
1503-12-24,1503-11-5,83763322,Sendmessage,str. showsoon
1972-2-19,1972-2-10,70012602,faceWestern,str. Singleskill.
1779-10-16,1779-10-15,54983352,throughoutknow,str. responsewill.
1869-10-28,1869-4-6,12657417,sufferfour,str. couldfind
1552-3-13,1552-2-16,45914271,quiteTake,"str. window.
Culturalwindow.
Cultural"
1712-8-21,1712-4-22,88897159,wecontinue.,str. Nearlyimagine
1984-12-18,1984-2-18,63712987,least.under,str. thateight
1755-11-3,1755-8-19,768745,seem.policy,str. Optionhard
1777-8-22,1777-7-7,23990929,least.under,str. societybook.
1576-7-7,1576-6-27,16988881,police.bar,str. onto
1759-9-24,1759-4-9,35093057,makeon,str. moneyPlan
1689-8-20,1689-4-2,9940321,issueago,str. claimworry
2014-8-28,2014-6-11,57241642,listquite,str. ballBack
1532-8-3,1532-2-22,51400160,safeFear,str. place.leave
1580-2-15,1580-1-1,282004,researchgame,str. girlstation.
1751-3-9,1751-2-23,63410464,whatever.natural,str. understandtoward
1768-2-18,1768-1-11,50804381,soldierfive.,str. usually.everybody
1867-4-14,1867-1-9,42742009,Yetgeneral,str. thuspopulation
2000-5-12,2000-2-24,2322968,makeon,str. howeverability
1970-12-6,1970-7-4,11940134,cameraenter,str. suddenlypresent
1680-12-2,1680-5-7,28487411,ResponseTown,str. animalanalysis
1691-4-16,1691-2-25,98064337,EverybodyEverybody,str. anythingeverything
1910-11-23,1910-1-18,72287716,outsidekid.,str. safe.my
1659-12-12,1659-9-16,8682307,understandunderstand,str. discoverresult
1787-12-19,1787-5-18,45440075,change.two,str. evenstation
1542-8-28,1542-5-5,56305290,Southold,str. somethingfew
1950-7-27,1950-1-17,40659253,pass.our,str. detailDevelopment
1904-2-24,1904-1-19,21761384,budget.box,str. four.Energy
1616-4-27,1616-1-28,50485481,childlose,str. dayI
1862-9-21,1862-3-10,20706058,Southold,str. explainSuch
1768-3-25,1768-3-12,92459650,entireunderstand,str. CongressSuccess
1653-9-19,1653-4-21,28868264,Termsound,str. fieldTown
1795-9-18,1795-7-16,17537120,source.identify,str. walk.which
1919-7-13,1919-6-8,5763314,key.memory.,str. alone.hair
1990-7-15,1990-7-10,71075566,whom.administration,str. whoseYour
1518-12-22,1518-11-13,67494045,sufferfour,str. Probablyphysical
1752-9-18,1752-8-26,48016331,prettyprobably.,str. whichWhile
1526-4-11,1526-1-12,17020517,partyvoice,str. fact.skin
1812-10-25,1812-6-16,1606012,shoulder.model,str. personalresponsibility
1627-9-14,1627-7-15,62052545,whom.administration,str. Lowsix
1613-11-15,1613-8-21,56378592,sportbase,str. history.Message
1545-4-5,1545-2-12,64680095,least.under,str. setlisten
1976-11-9,1976-3-28,75144421,seem.policy,str. minute.although
1642-10-4,1642-2-1,85853942,Maintainmusic,str. showsoon
1567-11-17,1567-11-1,97732837,throwDrop,str. security.interview
1786-11-16,1786-1-27,25027186,soldierfive.,str. bluekey
1887-12-19,1887-1-11,80685352,"final.
Describegame.",str. callhand
1787-9-18,1787-4-21,82178713,Maintainmusic,str. early.Skill
1528-8-7,1528-5-27,22411759,entirefew,str. whomland
1875-12-8,1875-9-9,46878018,Couldoil,str. awaymove.
1886-12-9,1886-1-16,99717588,lookTalk,str. currentlot
1903-9-22,1903-1-26,447693,ResponseTown,str. billclearly
1611-9-23,1611-9-21,45910586,treeterm.,str. weightadmit
2018-12-4,2018-9-18,29496435,issueago,str. workwork
1606-12-25,1606-6-24,20957956,understandunderstand,"str. carryloss.
Deal"
1927-7-6,1927-4-13,998320,childlose,str. eastsituation
1725-9-1,1725-4-2,13053840,listquite,str. yeahyeah
1644-10-12,1644-7-12,31103425,Republican.Republican.,"str. choose.
Createyour"
1529-11-20,1529-4-3,33223358,careerattorney,str. Minutealone
1837-1-26,1837-1-11,13143817,nightsound,str. course.participant
1637-10-14,1637-5-9,42628063,forcearea.,str. bedidea
1824-11-6,1824-5-20,90833708,outsidekid.,str. Realimprove
1513-8-2,1513-1-1,35067556,nameof,str. couplevoice
1889-10-12,1889-7-15,74526971,performstudent,str. shoulderwithout
1844-10-21,1844-6-17,65933467,typeit,"str. herpattern.
Range"
1752-12-27,1752-5-21,46695968,Societyfly,str. thoughrecognize.
1900-5-6,1900-4-18,20673990,Evendirection,str. voteserious
1669-11-12,1669-9-22,10792331,Evendirection,str. Nearlyimagine
1836-7-2,1836-5-6,41879343,easyyes.,str. throwgeneral
1637-12-2,1637-11-7,37511566,sotoday.,str. believe.realize
1505-6-24,1505-2-4,24524928,middle.author,str. longNational
1758-11-12,1758-3-3,47522806,entirefew,str. couldfind
1679-10-2,1679-4-11,4845264,TVseem,str. Singleskill.
1766-6-16,1766-5-10,42903892,Positionpay,str. earlybetween.
1691-10-6,1691-3-15,61479399,Couldoil,str. southbillion
1576-11-23,1576-2-18,21023777,entireunderstand,str. airpush
1514-10-11,1514-3-1,3040229,wecontinue.,str. nationregion
1999-3-16,1999-2-21,35658848,availableNetwork,str. seriousyes.
1752-12-22,1752-11-2,67512242,whichnote,str. agentMrs.
1644-8-26,1644-1-22,81136556,fallgood.,str. seatrue.
1703-8-18,1703-2-15,63606189,officesecurity,str. water.Party
1899-10-15,1899-2-12,44816224,key.memory.,str. finish.trouble
1761-8-4,1761-2-21,19673950,qualityprovide,str. doctor.Third
1546-11-5,1546-7-17,4254569,modernseries,str. humanitself
1630-10-5,1630-9-20,30303414,never.nor,str. marriageprovide
1712-10-15,1712-7-15,86440958,Kindstop,str. littlelaw
1830-4-28,1830-3-13,8183754,MeetMind,str. reflectreflect
1788-12-9,1788-2-26,3546213,publicpublic,"str. service.
Casedata"
1607-10-6,1607-9-27,57331312,Kindstop,str. memoryview
1679-12-8,1679-9-27,87524603,tradeplayer,str. relationshipInternational
1984-10-4,1984-1-17,332879,turnseries,str. mediasave
1538-4-21,1538-2-10,42805689,openSuddenly,str. situationanswer.
1511-4-15,1511-1-22,26696212,EverybodyEverybody,str. wordthose.
1943-10-6,1943-4-10,73691478,Blueso,str. wearproduction
1545-5-20,1545-4-3,21217838,ask.ok,str. directorfinal.
1994-11-17,1994-9-21,38804425,behaviormachine,str. whoseYour
1609-9-13,1609-2-22,39425101,pick.throw,str. findSeveral
1632-11-23,1632-3-21,21266033,partytake.,str. yourSuch
1550-9-16,1550-2-27,54939305,yetread,str. Technologyname
1687-9-14,1687-9-9,82952854,suddenlyserious,str. howeverability
1611-8-20,1611-6-26,87149514,soldierfive.,str. Necessarynew
1580-5-21,1580-1-9,61640909,Societyfly,str. eitherlist
1969-12-7,1969-5-25,71823406,childlose,str. teamtree
1606-10-21,1606-8-25,14999843,hotwalk,str. field.director
1840-12-14,1840-7-4,59703336,yourselfpartner,str. pull.nature
1748-8-26,1748-5-24,22606494,plan.moment,str. NewParent
1678-10-19,1678-6-14,13719866,modernseries,str. whichten
1912-10-3,1912-9-17,22636886,situationsurface.,str. Protectask
1542-12-21,1542-9-11,2433747,Termsound,str. worryThemselves
1815-12-17,1815-8-25,82620106,budget.box,str. movieWish
1804-12-22,1804-2-26,34451872,Theoryresource,str. longNational
1867-7-18,1867-2-5,44626843,ontohome.,str. Yeahnational
1823-9-17,1823-1-6,53481340,case.enter.,str. lot.week
1752-8-27,1752-3-2,47250439,bookMrs,str. Boardgood
1604-6-6,1604-2-5,74132860,thensuggest,"str. window.
Culturalwindow.
Cultural"
1595-11-22,1595-10-14,47941231,fallgood.,str. sport.recent
1920-9-14,1920-8-7,76278591,easyyes.,str. Shouldone.
1762-11-22,1762-8-15,91469377,cameraenter,str. friendevery
1880-6-24,1880-3-11,12344719,howeverdifferent,str. andLay
1592-8-16,1592-3-22,97894459,okok,str. water.Party
1958-9-3,1958-8-25,30255486,educationpainting,str. Nightinside
1536-4-17,1536-2-3,62966908,FocusMan,str. four.Energy
1868-12-1,1868-4-7,85005385,TVseem,str. makemagazine
1619-10-6,1619-5-15,9995168,pick.throw,str. bluekey
1917-9-10,1917-3-6,39406971,beManager,str. futureAdministration
1653-7-5,1653-2-7,49930895,pass.our,str. alsokind
1602-11-1,1602-7-17,87479101,entirefew,str. everything.Staff
1958-4-20,1958-1-28,55515066,cameraenter,str. floorwell
1535-8-28,1535-5-6,88240520,"final.
Describegame.",str. behaviorsocial
1649-4-15,1649-1-9,50197233,"daughtermake.
Activity",str. buysurface
1912-8-22,1912-3-18,15974149,"hearTV.
Agreement",str. optionask.
1924-11-22,1924-11-12,74984520,leadlead,str. haveshort
1564-7-19,1564-2-12,2705443,Couldoil,str. includeFront
1517-7-8,1517-3-23,39202199,"million.
VisitType",str. throwgeneral
1926-7-17,1926-1-4,74877118,simplyConference,str. gamestation
1836-6-5,1836-2-28,80968378,plan.moment,str. personalresponsibility
1588-11-13,1588-2-4,59387500,firstBar,str. picturerelate
1579-1-7,1579-1-1,23960760,FocusMan,str. mouthInternational
1620-9-5,1620-8-19,87105062,whom.administration,str. issueAmount
1776-2-5,1776-1-12,7216602,billThan,str. determinedetermine
1756-5-26,1756-2-14,95049058,yourselfpartner,str. Falltoday.
1878-5-6,1878-5-2,10564198,ResponseTown,str. listendeep
1630-12-16,1630-4-5,80029464,childlose,str. personcontinue
1501-5-25,1501-3-17,33182561,"wrongpass.
Interesting",str. Itemreduce.
1998-12-15,1998-10-15,64925820,thensuggest,str. arguepast.
1916-8-8,1916-2-10,85587924,trainingstudy,str. eitherlist
1772-12-1,1772-4-16,50665330,Meetscientist,str. situationsense
1769-7-23,1769-4-3,60423407,Measurecenter,str. howeverhear
1591-7-17,1591-2-18,56060618,Differenceadd,str. longNational
1545-5-14,1545-1-5,98228004,"wrongpass.
Interesting",str. successfulstart
1917-3-6,1917-2-26,94107883,ontohome.,str. Styleexpect
1777-7-21,1777-1-15,419296,aWestern,str. areastop
1526-4-4,1526-1-19,94597992,programlarge,str. available.when
1810-10-7,1810-1-18,47263511,Askapply.,str. weartoward
1672-11-16,1672-1-24,11616107,thoughPrice,str. addressfood
1615-12-14,1615-9-27,397040,giveelection,str. owner.power
1818-8-7,1818-7-8,43453532,listquite,str. Increasechoose.
